claim_id,policy_id,incident_date,claim_filed_date,claim_type,claim_status,total_claim_amount_usd
CLM-0000001,10000487,2025-01-19,2025-01-31,Collision,Approved,4149.33
CLM-0000002,10000094,2025-04-27,2025-05-07,Collision,Denied,5151.31
CLM-0000003,10000346,2025-07-01,2025-07-04,Comprehensive,Denied,2462.62
CLM-0000004,10000111,2024-11-15,2024-11-29,Comprehensive,Approved,2335.98
CLM-0000005,10000908,2025-08-08,2025-08-20,Comprehensive,Approved,1965.42
CLM-0000006,10000845,2025-03-08,2025-03-14,Collision,Pending,5868.63
CLM-0000007,10000196,2024-11-03,2024-11-06,Collision,Pending,7581.01
CLM-0000008,10000283,2025-08-27,2025-09-03,Comprehensive,Approved,1114.4
CLM-0000009,10000031,2024-06-23,2024-06-30,Comprehensive,Approved,2356.89
CLM-0000010,10000998,2025-04-20,2025-04-28,Comprehensive,Approved,1402.41
CLM-0000011,10000383,2024-12-29,2025-01-11,Comprehensive,Approved,1572.42
CLM-0000012,10000593,2024-09-10,2024-09-24,Comprehensive,Approved,1685.23
CLM-0000013,10000827,2025-06-18,2025-06-20,Collision,Approved,6364.99
CLM-0000014,10000234,2024-11-14,2024-11-16,Collision,Approved,7942.31
CLM-0000015,10000624,2024-03-21,2024-04-03,Collision,Approved,4057.45
CLM-0000016,10000141,2025-01-26,2025-01-29,Comprehensive,Approved,1542.94
CLM-0000017,10000192,2025-06-07,2025-06-14,Comprehensive,Approved,1031.68
CLM-0000018,10000182,2025-01-22,2025-02-02,Comprehensive,Denied,2361.06
CLM-0000019,10000246,2024-12-11,2024-12-25,Collision,Pending,7804.52
CLM-0000020,10000290,2025-08-05,2025-08-07,Comprehensive,Approved,2330.89
CLM-0000021,10000054,2024-06-09,2024-06-13,Collision,Approved,6207.07
CLM-0000022,10000964,2025-02-15,2025-02-28,Collision,Approved,7289.3
CLM-0000023,10000202,2025-05-30,2025-06-04,Collision,Approved,5099.46
CLM-0000024,10000121,2025-05-25,2025-06-04,Comprehensive,Approved,1934.56
CLM-0000025,10000210,2024-11-11,2024-11-18,Comprehensive,Denied,1809.63
CLM-0000026,10000213,2025-08-24,2025-08-27,Comprehensive,Approved,1429.43
CLM-0000027,10000158,2025-04-20,2025-04-23,Collision,Approved,6515.05
CLM-0000028,10000428,2025-11-09,2025-11-11,Comprehensive,Approved,2276.15
CLM-0000029,10000394,2024-10-08,2024-10-13,Comprehensive,Pending,2074.88
CLM-0000030,10000506,2025-05-01,2025-05-05,Collision,Pending,7059.1
CLM-0000031,10000382,2024-04-12,2024-04-14,Collision,Approved,6500.88
CLM-0000032,10000267,2025-05-18,2025-05-26,Comprehensive,Denied,2019.78
CLM-0000033,10000547,2025-09-26,2025-10-02,Collision,Approved,6431.39
CLM-0000034,10000220,2025-04-03,2025-04-17,Collision,Approved,4230.98
CLM-0000035,10000847,2025-04-10,2025-04-12,Collision,Approved,5709.27
CLM-0000036,10000931,2024-12-22,2024-12-26,Collision,Approved,6643.08
CLM-0000037,10000799,2024-06-12,2024-06-14,Comprehensive,Approved,1643.53
CLM-0000038,10000701,2025-06-05,2025-06-10,Collision,Approved,4450.49
CLM-0000039,10000445,2024-01-24,2024-02-01,Comprehensive,Approved,1315.69
CLM-0000040,10000945,2024-11-13,2024-11-17,Collision,Approved,7353.88
CLM-0000041,10000688,2025-01-08,2025-01-11,Collision,Approved,4970.82
CLM-0000042,10000914,2024-06-15,2024-06-19,Collision,Pending,6993.6
CLM-0000043,10000516,2024-08-12,2024-08-23,Comprehensive,Approved,2418.58
CLM-0000044,10000011,2024-11-22,2024-12-06,Comprehensive,Approved,1448.96
CLM-0000045,10000965,2025-06-04,2025-06-10,Collision,Approved,7762.16
CLM-0000046,10000560,2024-08-31,2024-09-13,Comprehensive,Approved,1385.35
CLM-0000047,10000857,2024-11-22,2024-11-30,Comprehensive,Approved,2014.61
CLM-0000048,10000740,2024-12-13,2024-12-17,Collision,Approved,7192.25
CLM-0000049,10000547,2025-03-10,2025-03-21,Comprehensive,Approved,2350.04
CLM-0000050,10000853,2025-06-10,2025-06-13,Collision,Approved,5385.56
CLM-0000051,10000922,2025-01-10,2025-01-13,Comprehensive,Approved,1201.91
CLM-0000052,10000373,2025-04-18,2025-04-21,Collision,Approved,6236.7
CLM-0000053,10000040,2025-07-08,2025-07-20,Collision,Approved,4698.83
CLM-0000054,10000451,2025-03-28,2025-04-11,Comprehensive,Approved,1419.26
CLM-0000055,10000095,2025-06-17,2025-06-30,Comprehensive,Approved,2061.83
CLM-0000056,10000048,2024-08-23,2024-09-02,Comprehensive,Denied,2380.52
CLM-0000057,10000823,2025-01-27,2025-02-03,Comprehensive,Approved,1056.72
CLM-0000058,10000711,2025-03-31,2025-04-11,Comprehensive,Approved,1764.37
CLM-0000059,10000316,2025-06-18,2025-06-23,Collision,Approved,5320.95
CLM-0000060,10000052,2025-01-18,2025-01-24,Comprehensive,Pending,2392.69
CLM-0000061,10000851,2025-05-12,2025-05-14,Comprehensive,Approved,1087.85
CLM-0000062,10000483,2024-12-08,2024-12-20,Collision,Approved,4071.95
CLM-0000063,10000142,2024-09-16,2024-09-26,Comprehensive,Approved,1390.47
CLM-0000064,10000458,2025-01-19,2025-01-23,Collision,Approved,7618.0
CLM-0000065,10000057,2025-04-22,2025-04-27,Comprehensive,Approved,1455.7
CLM-0000066,10000259,2024-10-21,2024-10-28,Collision,Approved,6267.04
CLM-0000067,10000567,2025-10-12,2025-10-24,Collision,Approved,7874.42
CLM-0000068,10000221,2025-12-18,2025-12-22,Comprehensive,Pending,2314.08
CLM-0000069,10000594,2024-04-14,2024-04-17,Comprehensive,Approved,1817.05
CLM-0000070,10000521,2025-02-01,2025-02-05,Collision,Approved,6648.11
CLM-0000071,10000989,2025-05-12,2025-05-20,Comprehensive,Denied,2117.5
CLM-0000072,10000190,2024-06-06,2024-06-10,Comprehensive,Approved,2033.33
CLM-0000073,10000601,2025-04-27,2025-05-02,Comprehensive,Approved,2472.14
CLM-0000074,10000227,2025-03-20,2025-03-31,Comprehensive,Approved,2033.07
CLM-0000075,10000165,2024-07-15,2024-07-19,Collision,Approved,6326.86
CLM-0000076,10000731,2025-01-27,2025-02-04,Collision,Approved,5097.22
CLM-0000077,10000979,2025-01-31,2025-02-01,Comprehensive,Approved,2412.75
CLM-0000078,10000269,2024-07-02,2024-07-10,Collision,Approved,6239.92
CLM-0000079,10000933,2024-09-10,2024-09-13,Comprehensive,Approved,2001.54
CLM-0000080,10000850,2025-03-31,2025-04-12,Collision,Approved,5643.37
CLM-0000081,10000611,2025-09-28,2025-10-05,Comprehensive,Approved,1801.66
CLM-0000082,10000337,2025-10-11,2025-10-19,Comprehensive,Pending,2032.92
CLM-0000083,10000010,2024-10-28,2024-11-06,Collision,Approved,5438.28
CLM-0000084,10000905,2025-02-11,2025-02-17,Collision,Approved,7742.83
CLM-0000085,10000150,2025-01-29,2025-01-31,Comprehensive,Approved,1432.16
CLM-0000086,10000789,2025-08-08,2025-08-13,Collision,Approved,5755.27
CLM-0000087,10000938,2025-05-13,2025-05-23,Comprehensive,Denied,1727.82
CLM-0000088,10000365,2024-11-11,2024-11-19,Comprehensive,Approved,1765.79
CLM-0000089,10000058,2024-07-24,2024-08-01,Comprehensive,Approved,1042.29
CLM-0000090,10000481,2024-04-28,2024-05-09,Comprehensive,Approved,2057.1
CLM-0000091,10000325,2024-10-19,2024-11-01,Collision,Approved,5273.47
CLM-0000092,10000593,2025-01-04,2025-01-11,Collision,Approved,6177.07
CLM-0000093,10000267,2025-04-26,2025-05-05,Comprehensive,Approved,1290.02
CLM-0000094,10000762,2025-10-26,2025-10-28,Collision,Approved,4756.96
CLM-0000095,10000342,2025-05-31,2025-06-03,Collision,Approved,4446.36
CLM-0000096,10000933,2024-06-11,2024-06-15,Collision,Approved,7594.33
CLM-0000097,10000404,2024-11-28,2024-12-06,Collision,Approved,5443.12
CLM-0000098,10000992,2024-05-06,2024-05-20,Collision,Approved,5248.72
CLM-0000099,10000453,2025-03-15,2025-03-29,Comprehensive,Approved,1251.66
CLM-0000100,10000373,2025-07-30,2025-08-03,Comprehensive,Approved,1265.46
CLM-0000101,10000940,2024-05-09,2024-05-19,Collision,Approved,6512.93
CLM-0000102,10000177,2024-09-19,2024-09-22,Collision,Approved,4085.86
CLM-0000103,10000750,2025-01-13,2025-01-25,Collision,Approved,5003.13
CLM-0000104,10000789,2025-09-13,2025-09-22,Collision,Approved,7236.79
CLM-0000105,10000045,2025-07-09,2025-07-11,Collision,Approved,7882.8
CLM-0000106,10000619,2025-02-04,2025-02-17,Collision,Denied,4073.1
CLM-0000107,10000366,2025-03-13,2025-03-23,Comprehensive,Approved,1877.51
CLM-0000108,10000610,2025-04-18,2025-04-25,Comprehensive,Approved,1632.59
CLM-0000109,10000662,2025-08-15,2025-08-23,Comprehensive,Approved,1417.77
CLM-0000110,10000560,2024-10-20,2024-10-29,Collision,Denied,5366.57
CLM-0000111,10000117,2025-08-02,2025-08-10,Collision,Approved,6080.7
CLM-0000112,10000154,2024-10-28,2024-10-31,Comprehensive,Approved,1450.82
CLM-0000113,10000728,2024-10-20,2024-10-29,Collision,Approved,7918.82
CLM-0000114,10000275,2025-09-02,2025-09-12,Comprehensive,Approved,2140.35
CLM-0000115,10000421,2024-04-28,2024-05-11,Collision,Approved,5628.67
CLM-0000116,10000368,2025-01-23,2025-02-04,Collision,Approved,4106.55
CLM-0000117,10000733,2025-04-22,2025-05-02,Comprehensive,Approved,1536.32
CLM-0000118,10000060,2024-05-04,2024-05-15,Collision,Approved,7394.56
CLM-0000119,10000790,2024-04-22,2024-04-30,Collision,Approved,4293.33
CLM-0000120,10000543,2025-05-07,2025-05-11,Collision,Approved,7191.19
CLM-0000121,10000585,2025-02-11,2025-02-23,Comprehensive,Approved,1874.5
CLM-0000122,10000198,2025-03-29,2025-04-09,Collision,Approved,7567.13
CLM-0000123,10000680,2025-03-27,2025-03-31,Comprehensive,Approved,1921.88
CLM-0000124,10000864,2024-10-14,2024-10-21,Collision,Approved,7545.83
CLM-0000125,10000664,2025-05-14,2025-05-21,Collision,Approved,5209.25
CLM-0000126,10000451,2024-10-03,2024-10-09,Collision,Approved,7221.96
CLM-0000127,10000894,2025-01-11,2025-01-19,Comprehensive,Approved,1555.6
CLM-0000128,10000571,2024-10-30,2024-11-10,Comprehensive,Approved,1352.8
CLM-0000129,10000808,2024-09-02,2024-09-15,Collision,Approved,5262.92
CLM-0000130,10000759,2024-06-04,2024-06-12,Comprehensive,Pending,1120.68
CLM-0000131,10000195,2024-08-01,2024-08-11,Collision,Approved,6412.82
CLM-0000132,10000604,2024-08-02,2024-08-05,Collision,Pending,6046.75
CLM-0000133,10000121,2024-09-22,2024-09-24,Comprehensive,Approved,2071.62
CLM-0000134,10000509,2025-01-29,2025-02-06,Collision,Approved,4571.8
CLM-0000135,10000139,2024-07-15,2024-07-28,Comprehensive,Approved,1496.66
CLM-0000136,10000241,2025-03-01,2025-03-07,Comprehensive,Approved,1747.44
CLM-0000137,10000105,2025-05-05,2025-05-10,Comprehensive,Approved,2349.23
CLM-0000138,10000364,2025-03-02,2025-03-12,Comprehensive,Approved,1179.01
CLM-0000139,10000485,2024-08-03,2024-08-11,Collision,Approved,6849.22
CLM-0000140,10000996,2024-11-10,2024-11-22,Comprehensive,Approved,1589.83
CLM-0000141,10000611,2024-11-28,2024-12-07,Comprehensive,Approved,2148.48
CLM-0000142,10000801,2024-10-01,2024-10-04,Collision,Approved,6672.24
CLM-0000143,10000042,2024-06-08,2024-06-18,Comprehensive,Approved,1460.56
CLM-0000144,10000701,2025-04-05,2025-04-10,Collision,Approved,6876.09
CLM-0000145,10000919,2024-04-27,2024-04-29,Collision,Approved,6189.34
CLM-0000146,10000762,2025-10-12,2025-10-26,Comprehensive,Pending,1144.34
CLM-0000147,10000564,2025-02-20,2025-02-27,Comprehensive,Approved,1898.05
CLM-0000148,10000334,2024-08-03,2024-08-13,Collision,Approved,6506.7
CLM-0000149,10000035,2024-04-09,2024-04-17,Collision,Approved,6215.84
CLM-0000150,10000592,2025-08-07,2025-08-20,Comprehensive,Approved,2098.1
CLM-0000151,10000694,2024-04-24,2024-05-08,Collision,Approved,7473.36
CLM-0000152,10000997,2024-10-19,2024-10-29,Collision,Approved,5978.93
CLM-0000153,10000894,2025-04-20,2025-04-22,Comprehensive,Approved,1033.86
CLM-0000154,10000441,2025-03-20,2025-03-26,Comprehensive,Approved,1350.96
CLM-0000155,10000638,2024-06-11,2024-06-23,Collision,Pending,6939.16
CLM-0000156,10000570,2024-04-21,2024-04-25,Comprehensive,Approved,1227.75
CLM-0000157,10000113,2024-09-05,2024-09-12,Comprehensive,Approved,2103.27
CLM-0000158,10000640,2024-06-05,2024-06-08,Comprehensive,Approved,1496.26
CLM-0000159,10000435,2025-01-14,2025-01-15,Collision,Approved,7021.22
CLM-0000160,10000343,2024-10-29,2024-11-06,Comprehensive,Approved,1361.38
CLM-0000161,10000137,2024-08-11,2024-08-23,Comprehensive,Pending,1919.12
CLM-0000162,10000596,2025-04-05,2025-04-11,Comprehensive,Approved,2134.04
CLM-0000163,10000201,2025-02-20,2025-03-05,Collision,Approved,7352.53
CLM-0000164,10000397,2024-07-05,2024-07-15,Collision,Approved,6314.28
CLM-0000165,10000718,2025-08-12,2025-08-25,Comprehensive,Approved,1478.49
CLM-0000166,10000447,2025-07-02,2025-07-10,Comprehensive,Approved,1151.17
CLM-0000167,10000780,2024-12-16,2024-12-26,Collision,Approved,6945.48
CLM-0000168,10000538,2025-01-23,2025-01-30,Comprehensive,Approved,1101.41
CLM-0000169,10000419,2024-09-24,2024-09-28,Comprehensive,Approved,2241.44
CLM-0000170,10000962,2024-11-26,2024-12-07,Collision,Approved,7256.24
CLM-0000171,10000607,2024-12-29,2025-01-03,Comprehensive,Approved,2160.37
CLM-0000172,10000030,2025-03-02,2025-03-08,Collision,Pending,6808.56
CLM-0000173,10000785,2025-08-05,2025-08-18,Collision,Approved,7850.63
CLM-0000174,10000665,2025-01-03,2025-01-05,Collision,Pending,6025.45
CLM-0000175,10000887,2025-06-07,2025-06-13,Comprehensive,Approved,1435.19
CLM-0000176,10000571,2024-10-03,2024-10-06,Collision,Approved,7364.51
CLM-0000177,10000019,2024-10-22,2024-11-05,Comprehensive,Approved,1476.35
CLM-0000178,10000520,2024-09-01,2024-09-09,Collision,Approved,7918.99
CLM-0000179,10000443,2024-10-02,2024-10-10,Comprehensive,Pending,2491.66
CLM-0000180,10000336,2024-06-18,2024-06-22,Comprehensive,Approved,1860.89
CLM-0000181,10000135,2024-05-29,2024-06-02,Collision,Approved,6692.65
CLM-0000182,10000310,2025-11-03,2025-11-06,Comprehensive,Approved,1802.33
CLM-0000183,10000262,2025-10-11,2025-10-24,Comprehensive,Approved,2306.77
CLM-0000184,10000878,2024-12-25,2025-01-03,Collision,Approved,4034.76
CLM-0000185,10000775,2025-01-24,2025-01-31,Collision,Approved,5212.35
CLM-0000186,10000381,2025-01-07,2025-01-19,Comprehensive,Approved,1406.3
CLM-0000187,10000423,2025-03-29,2025-04-03,Collision,Approved,4761.8
CLM-0000188,10000994,2025-01-06,2025-01-19,Collision,Approved,6130.16
CLM-0000189,10000669,2025-07-03,2025-07-09,Comprehensive,Pending,1608.3
CLM-0000190,10000213,2024-12-26,2025-01-08,Collision,Approved,6144.01
CLM-0000191,10000441,2024-09-21,2024-09-30,Collision,Approved,7923.87
CLM-0000192,10000829,2024-12-24,2025-01-01,Collision,Approved,5000.29
CLM-0000193,10000574,2024-11-30,2024-12-09,Collision,Approved,7401.99
CLM-0000194,10000370,2024-08-23,2024-08-29,Comprehensive,Approved,2308.83
CLM-0000195,10000827,2025-10-10,2025-10-22,Comprehensive,Approved,2430.83
CLM-0000196,10000582,2024-10-11,2024-10-20,Comprehensive,Approved,1050.43
CLM-0000197,10000485,2024-11-18,2024-11-27,Comprehensive,Pending,1525.09
CLM-0000198,10000571,2024-08-27,2024-09-09,Comprehensive,Approved,1946.56
CLM-0000199,10000156,2025-04-03,2025-04-08,Collision,Approved,5602.96
CLM-0000200,10000484,2025-01-20,2025-01-28,Comprehensive,Approved,1061.91
CLM-0000201,10000878,2025-04-18,2025-04-23,Collision,Approved,5118.8
CLM-0000202,10000654,2024-08-01,2024-08-13,Collision,Approved,6731.69
CLM-0000203,10000445,2024-08-16,2024-08-25,Comprehensive,Approved,1203.93
CLM-0000204,10000127,2024-07-12,2024-07-20,Collision,Approved,5721.88
CLM-0000205,10000806,2025-03-26,2025-03-28,Comprehensive,Approved,1391.54
CLM-0000206,10000670,2025-06-10,2025-06-21,Comprehensive,Approved,1858.44
CLM-0000207,10000901,2025-03-15,2025-03-29,Collision,Pending,4265.4
CLM-0000208,10000099,2025-02-10,2025-02-14,Comprehensive,Approved,1604.09
CLM-0000209,10000813,2025-02-08,2025-02-18,Comprehensive,Approved,2487.67
CLM-0000210,10000939,2025-05-13,2025-05-16,Comprehensive,Approved,1997.27
CLM-0000211,10000289,2025-04-07,2025-04-18,Comprehensive,Approved,2263.07
CLM-0000212,10000632,2025-01-28,2025-02-10,Comprehensive,Approved,1493.91
CLM-0000213,10000704,2025-06-22,2025-07-04,Collision,Approved,5073.33
CLM-0000214,10000149,2025-01-01,2025-01-11,Collision,Approved,4287.61
CLM-0000215,10000652,2025-01-10,2025-01-19,Collision,Approved,6913.16
CLM-0000216,10000163,2025-02-07,2025-02-21,Collision,Approved,4670.49
CLM-0000217,10000631,2024-07-30,2024-08-05,Comprehensive,Approved,2457.92
CLM-0000218,10000989,2025-09-10,2025-09-23,Collision,Approved,7074.08
CLM-0000219,10000740,2025-07-17,2025-07-29,Collision,Approved,7258.55
CLM-0000220,10000448,2025-03-22,2025-03-31,Collision,Approved,6989.87
CLM-0000221,10000299,2025-03-09,2025-03-14,Collision,Approved,7777.6
CLM-0000222,10000262,2025-04-03,2025-04-06,Collision,Approved,4887.36
CLM-0000223,10000748,2025-04-09,2025-04-19,Comprehensive,Approved,1574.32
CLM-0000224,10000766,2025-03-11,2025-03-15,Collision,Approved,4413.99
CLM-0000225,10000074,2024-11-24,2024-12-01,Collision,Approved,7932.29
CLM-0000226,10000458,2025-07-15,2025-07-18,Comprehensive,Approved,1490.89
CLM-0000227,10000793,2024-06-28,2024-07-01,Collision,Pending,6368.66
CLM-0000228,10000527,2024-10-08,2024-10-11,Comprehensive,Approved,1027.12
CLM-0000229,10000472,2024-11-15,2024-11-26,Collision,Approved,5984.9
CLM-0000230,10000767,2025-03-03,2025-03-05,Comprehensive,Approved,2328.83
CLM-0000231,10000894,2025-04-04,2025-04-11,Comprehensive,Approved,1448.32
CLM-0000232,10000001,2024-10-25,2024-10-28,Comprehensive,Approved,1820.73
CLM-0000233,10000797,2025-01-22,2025-01-25,Comprehensive,Approved,2389.44
CLM-0000234,10000501,2025-07-03,2025-07-07,Comprehensive,Approved,1608.92
CLM-0000235,10000289,2024-10-07,2024-10-18,Comprehensive,Approved,1311.63
CLM-0000236,10000506,2025-01-19,2025-02-01,Comprehensive,Approved,1319.25
CLM-0000237,10000637,2024-10-17,2024-10-30,Collision,Approved,6543.07
CLM-0000238,10000739,2024-12-11,2024-12-15,Comprehensive,Approved,2250.45
CLM-0000239,10000776,2025-06-20,2025-06-30,Collision,Approved,4211.49
CLM-0000240,10000557,2024-12-19,2024-12-29,Collision,Approved,4332.71
CLM-0000241,10000141,2025-04-19,2025-05-02,Collision,Approved,6194.31
CLM-0000242,10000021,2025-03-21,2025-03-26,Comprehensive,Approved,1818.26
CLM-0000243,10000578,2025-12-15,2025-12-29,Comprehensive,Approved,2315.15
CLM-0000244,10000016,2024-11-28,2024-12-07,Collision,Approved,7820.27
CLM-0000245,10000028,2024-06-28,2024-07-01,Collision,Approved,4211.81
CLM-0000246,10000439,2025-06-14,2025-06-18,Comprehensive,Approved,1602.43
CLM-0000247,10000026,2024-12-26,2024-12-29,Comprehensive,Approved,1669.19
CLM-0000248,10000574,2025-05-04,2025-05-08,Collision,Approved,7062.9
CLM-0000249,10000955,2025-01-12,2025-01-18,Collision,Approved,4348.44
CLM-0000250,10000098,2024-04-27,2024-05-06,Comprehensive,Pending,2131.83
CLM-0000251,10000805,2024-12-14,2024-12-27,Comprehensive,Approved,1579.24
CLM-0000252,10000184,2025-03-16,2025-03-24,Comprehensive,Approved,2131.33
CLM-0000253,10000338,2025-05-03,2025-05-14,Comprehensive,Approved,1791.19
CLM-0000254,10000950,2024-09-01,2024-09-02,Comprehensive,Approved,1698.03
CLM-0000255,10000013,2024-09-01,2024-09-02,Comprehensive,Approved,2403.58
CLM-0000256,10000542,2025-07-26,2025-08-09,Comprehensive,Approved,1984.44
CLM-0000257,10000013,2024-08-21,2024-08-24,Collision,Approved,5991.73
CLM-0000258,10000688,2024-11-10,2024-11-17,Collision,Approved,4391.59
CLM-0000259,10000354,2025-03-28,2025-04-06,Collision,Approved,5443.64
CLM-0000260,10000792,2025-03-22,2025-04-05,Comprehensive,Approved,1352.85
CLM-0000261,10000502,2025-09-04,2025-09-17,Collision,Approved,7276.33
CLM-0000262,10000534,2024-11-11,2024-11-14,Comprehensive,Approved,1758.09
CLM-0000263,10000606,2025-03-17,2025-03-18,Collision,Approved,4814.0
CLM-0000264,10000742,2024-03-17,2024-03-22,Collision,Denied,7776.87
CLM-0000265,10000673,2024-07-13,2024-07-24,Collision,Approved,5714.86
CLM-0000266,10000201,2025-08-05,2025-08-09,Collision,Approved,7356.72
CLM-0000267,10000685,2025-03-19,2025-03-28,Collision,Approved,5776.67
CLM-0000268,10000827,2025-04-22,2025-04-24,Collision,Approved,7407.42
CLM-0000269,10000013,2024-07-06,2024-07-15,Collision,Approved,7743.0
CLM-0000270,10000447,2024-10-16,2024-10-20,Collision,Denied,6742.24
CLM-0000271,10000137,2025-07-08,2025-07-15,Collision,Approved,4751.8
CLM-0000272,10000476,2024-09-26,2024-10-03,Comprehensive,Denied,2123.42
CLM-0000273,10000504,2025-03-17,2025-03-31,Collision,Approved,5722.44
CLM-0000274,10000595,2025-06-01,2025-06-07,Collision,Approved,6418.55
CLM-0000275,10000312,2025-06-14,2025-06-16,Collision,Denied,5884.2
CLM-0000276,10000241,2025-10-11,2025-10-21,Collision,Approved,5635.72
CLM-0000277,10000114,2024-11-01,2024-11-07,Collision,Approved,7723.85
CLM-0000278,10000377,2025-04-20,2025-04-25,Comprehensive,Approved,2066.33
CLM-0000279,10000005,2025-03-18,2025-03-30,Collision,Approved,4326.34
CLM-0000280,10000308,2025-05-16,2025-05-27,Collision,Pending,4007.29
CLM-0000281,10000250,2024-11-23,2024-12-07,Comprehensive,Approved,1362.1
CLM-0000282,10000506,2024-12-31,2025-01-13,Collision,Approved,4047.46
CLM-0000283,10000663,2024-08-29,2024-09-10,Comprehensive,Approved,1888.74
CLM-0000284,10000014,2024-04-24,2024-05-07,Collision,Approved,4490.26
CLM-0000285,10000240,2024-02-19,2024-02-21,Comprehensive,Approved,1776.66
CLM-0000286,10000564,2025-03-12,2025-03-22,Collision,Approved,6423.65
CLM-0000287,10000181,2025-09-19,2025-10-03,Collision,Approved,7238.03
CLM-0000288,10000789,2024-12-03,2024-12-08,Collision,Approved,7425.38
CLM-0000289,10000381,2024-07-08,2024-07-14,Collision,Approved,7045.19
CLM-0000290,10000127,2024-09-02,2024-09-06,Collision,Approved,6130.96
CLM-0000291,10000224,2024-09-28,2024-10-06,Comprehensive,Approved,1237.86
CLM-0000292,10000609,2024-12-08,2024-12-18,Collision,Approved,7589.69
CLM-0000293,10000291,2024-12-25,2024-12-26,Collision,Approved,7433.51
CLM-0000294,10000824,2024-12-12,2024-12-23,Collision,Approved,6888.63
CLM-0000295,10000669,2024-11-08,2024-11-17,Collision,Approved,4050.18
CLM-0000296,10000156,2024-12-09,2024-12-16,Collision,Approved,5606.77
CLM-0000297,10000707,2025-05-13,2025-05-22,Collision,Approved,7111.25
CLM-0000298,10000701,2025-03-25,2025-03-27,Comprehensive,Approved,2079.26
CLM-0000299,10000209,2024-11-07,2024-11-18,Comprehensive,Approved,1053.32
CLM-0000300,10000227,2025-10-16,2025-10-30,Comprehensive,Approved,1427.9
CLM-0000301,10000356,2025-07-10,2025-07-14,Comprehensive,Approved,1763.84
CLM-0000302,10000778,2025-03-04,2025-03-05,Comprehensive,Approved,1844.75
CLM-0000303,10000281,2025-01-06,2025-01-11,Comprehensive,Approved,2374.79
CLM-0000304,10000630,2024-07-28,2024-08-03,Comprehensive,Approved,1903.02
CLM-0000305,10000521,2024-06-20,2024-06-24,Collision,Approved,7278.04
CLM-0000306,10000500,2024-07-16,2024-07-18,Comprehensive,Approved,1068.32
CLM-0000307,10000905,2025-09-01,2025-09-02,Comprehensive,Denied,1646.3
CLM-0000308,10000884,2024-11-08,2024-11-13,Comprehensive,Denied,1697.0
CLM-0000309,10000708,2024-05-05,2024-05-08,Collision,Approved,6041.66
CLM-0000310,10000048,2024-11-12,2024-11-22,Comprehensive,Pending,1100.35
CLM-0000311,10000445,2024-11-03,2024-11-13,Comprehensive,Approved,1096.32
CLM-0000312,10000410,2024-05-28,2024-05-29,Collision,Pending,5063.93
CLM-0000313,10000433,2025-03-10,2025-03-16,Collision,Pending,6583.77
CLM-0000314,10000602,2025-02-12,2025-02-25,Collision,Pending,4078.0
CLM-0000315,10000219,2024-06-19,2024-06-21,Collision,Pending,4004.03
CLM-0000316,10000988,2024-12-22,2024-12-28,Collision,Approved,7893.49
CLM-0000317,10000232,2024-09-09,2024-09-20,Collision,Approved,7639.81
CLM-0000318,10000679,2025-03-18,2025-03-23,Collision,Approved,6782.54
CLM-0000319,10000307,2025-01-18,2025-01-25,Collision,Approved,4729.74
CLM-0000320,10000802,2024-09-26,2024-10-05,Comprehensive,Approved,2325.82
CLM-0000321,10000689,2025-05-07,2025-05-19,Collision,Approved,5363.36
CLM-0000322,10000147,2024-12-30,2025-01-12,Collision,Approved,5772.53
CLM-0000323,10000952,2025-04-15,2025-04-28,Collision,Approved,6537.62
CLM-0000324,10000814,2025-01-24,2025-02-05,Comprehensive,Approved,1297.46
CLM-0000325,10000185,2024-02-05,2024-02-06,Collision,Approved,5898.99
CLM-0000326,10000740,2024-12-17,2024-12-28,Collision,Denied,6809.52
CLM-0000327,10000919,2024-08-02,2024-08-04,Collision,Approved,7357.85
CLM-0000328,10000674,2025-08-23,2025-08-30,Comprehensive,Approved,1030.91
CLM-0000329,10000872,2025-08-05,2025-08-06,Comprehensive,Approved,1391.33
CLM-0000330,10000447,2025-04-14,2025-04-28,Collision,Approved,7069.57
CLM-0000331,10000325,2024-07-02,2024-07-10,Comprehensive,Approved,2390.13
CLM-0000332,10000091,2025-03-02,2025-03-08,Collision,Approved,4546.19
CLM-0000333,10000704,2025-11-07,2025-11-19,Comprehensive,Approved,1662.41
CLM-0000334,10000459,2025-05-05,2025-05-09,Collision,Approved,7000.31
CLM-0000335,10000483,2024-09-04,2024-09-10,Comprehensive,Approved,1095.0
CLM-0000336,10000534,2024-06-12,2024-06-18,Collision,Approved,5668.24
CLM-0000337,10000787,2024-05-03,2024-05-05,Collision,Pending,6850.4
CLM-0000338,10000808,2025-02-12,2025-02-16,Comprehensive,Approved,1981.44
CLM-0000339,10000616,2025-01-08,2025-01-19,Comprehensive,Approved,2422.04
CLM-0000340,10000008,2025-01-05,2025-01-17,Collision,Approved,4340.45
CLM-0000341,10000970,2024-12-27,2024-12-29,Collision,Pending,5647.46
CLM-0000342,10000479,2024-12-14,2024-12-27,Comprehensive,Pending,2240.15
CLM-0000343,10000325,2024-07-14,2024-07-20,Comprehensive,Approved,2063.1
CLM-0000344,10000622,2025-05-14,2025-05-28,Comprehensive,Pending,1045.2
CLM-0000345,10000286,2025-03-05,2025-03-08,Comprehensive,Approved,1592.63
CLM-0000346,10000244,2024-08-10,2024-08-11,Collision,Approved,4787.83
CLM-0000347,10000837,2024-04-30,2024-05-12,Collision,Approved,6839.93
CLM-0000348,10000749,2025-02-21,2025-03-03,Collision,Approved,4085.19
CLM-0000349,10000978,2024-09-03,2024-09-14,Comprehensive,Approved,1199.52
CLM-0000350,10000884,2024-05-20,2024-05-30,Collision,Approved,4762.88
CLM-0000351,10000211,2024-07-02,2024-07-12,Comprehensive,Approved,2033.76
CLM-0000352,10000366,2025-06-20,2025-06-21,Comprehensive,Approved,1370.75
CLM-0000353,10000528,2025-01-26,2025-01-30,Comprehensive,Approved,1580.0
CLM-0000354,10000094,2024-06-06,2024-06-13,Collision,Approved,6002.86
CLM-0000355,10000998,2025-04-19,2025-05-03,Collision,Approved,5267.75
CLM-0000356,10000920,2024-03-04,2024-03-14,Comprehensive,Pending,1089.48
CLM-0000357,10000616,2025-09-13,2025-09-23,Collision,Pending,6493.05
CLM-0000358,10000288,2025-08-27,2025-09-07,Collision,Approved,5643.1
CLM-0000359,10000081,2025-01-24,2025-01-28,Comprehensive,Approved,1255.11
CLM-0000360,10000654,2024-04-05,2024-04-11,Collision,Approved,5196.3
CLM-0000361,10000834,2024-02-02,2024-02-13,Comprehensive,Approved,1590.99
CLM-0000362,10000595,2024-11-28,2024-12-01,Collision,Approved,5760.79
CLM-0000363,10000546,2024-10-23,2024-11-05,Collision,Approved,7250.73
CLM-0000364,10000633,2025-01-29,2025-02-04,Collision,Approved,7836.11
CLM-0000365,10000351,2025-04-19,2025-04-21,Collision,Approved,6995.98
CLM-0000366,10000516,2024-01-20,2024-01-26,Collision,Approved,5717.86
CLM-0000367,10000180,2025-03-23,2025-03-27,Collision,Approved,5492.53
CLM-0000368,10000444,2025-05-17,2025-05-23,Collision,Approved,6570.64
CLM-0000369,10000011,2025-04-07,2025-04-20,Collision,Approved,7362.31
CLM-0000370,10000037,2025-08-27,2025-09-10,Collision,Approved,5317.82
CLM-0000371,10000267,2025-08-01,2025-08-03,Comprehensive,Approved,1831.2
CLM-0000372,10000606,2025-04-13,2025-04-21,Collision,Approved,6967.03
CLM-0000373,10000292,2024-11-04,2024-11-06,Collision,Approved,4474.81
CLM-0000374,10000916,2024-08-13,2024-08-22,Collision,Approved,5883.5
CLM-0000375,10000451,2024-11-03,2024-11-04,Comprehensive,Approved,1631.03
CLM-0000376,10000801,2024-05-04,2024-05-17,Comprehensive,Approved,2186.67
CLM-0000377,10000261,2025-08-07,2025-08-19,Comprehensive,Approved,1904.57
CLM-0000378,10000479,2025-01-14,2025-01-24,Comprehensive,Approved,1052.23
CLM-0000379,10000471,2024-07-11,2024-07-13,Comprehensive,Pending,1063.98
CLM-0000380,10000308,2024-12-05,2024-12-14,Comprehensive,Approved,1338.7
CLM-0000381,10000957,2024-07-13,2024-07-21,Collision,Approved,4782.75
CLM-0000382,10000192,2025-03-29,2025-03-31,Collision,Approved,6552.67
CLM-0000383,10000600,2025-04-09,2025-04-23,Comprehensive,Approved,1306.46
CLM-0000384,10000908,2024-11-16,2024-11-23,Collision,Pending,4836.06
CLM-0000385,10000135,2024-03-12,2024-03-13,Comprehensive,Approved,1241.67
CLM-0000386,10000203,2025-03-16,2025-03-24,Comprehensive,Pending,1430.44
CLM-0000387,10000174,2025-02-06,2025-02-10,Comprehensive,Approved,1337.26
CLM-0000388,10000286,2025-02-22,2025-02-26,Collision,Approved,6596.2
CLM-0000389,10000981,2025-09-13,2025-09-25,Collision,Approved,4361.36
CLM-0000390,10000306,2024-11-22,2024-11-26,Comprehensive,Approved,1637.4
CLM-0000391,10000359,2024-06-26,2024-07-09,Collision,Approved,7283.82
CLM-0000392,10000208,2024-11-02,2024-11-06,Collision,Approved,6369.04
CLM-0000393,10000561,2025-07-12,2025-07-13,Comprehensive,Approved,2414.17
CLM-0000394,10000187,2024-12-24,2024-12-30,Comprehensive,Denied,1968.06
CLM-0000395,10000717,2025-05-28,2025-06-02,Collision,Approved,4549.04
CLM-0000396,10000756,2025-10-19,2025-10-30,Comprehensive,Approved,1656.07
CLM-0000397,10000823,2025-06-04,2025-06-17,Comprehensive,Approved,1703.87
CLM-0000398,10000426,2024-09-10,2024-09-24,Collision,Pending,5284.87
CLM-0000399,10000121,2025-03-12,2025-03-13,Comprehensive,Approved,1680.58
CLM-0000400,10000049,2024-06-02,2024-06-16,Collision,Approved,6793.54
CLM-0000401,10000571,2024-09-14,2024-09-21,Collision,Approved,5130.01
CLM-0000402,10000035,2024-11-18,2024-11-27,Collision,Approved,6640.49
CLM-0000403,10000133,2024-11-05,2024-11-06,Collision,Approved,6553.44
CLM-0000404,10000654,2024-06-29,2024-07-09,Comprehensive,Approved,1893.52
CLM-0000405,10000956,2024-12-05,2024-12-12,Comprehensive,Approved,1938.28
CLM-0000406,10000599,2024-09-21,2024-09-29,Comprehensive,Approved,1048.03
CLM-0000407,10000004,2025-04-01,2025-04-15,Comprehensive,Approved,1064.83
CLM-0000408,10000365,2024-09-20,2024-10-04,Comprehensive,Approved,1556.59
CLM-0000409,10000094,2024-06-30,2024-07-11,Collision,Approved,6439.74
CLM-0000410,10000718,2025-01-14,2025-01-28,Comprehensive,Approved,1912.95
CLM-0000411,10000451,2024-12-03,2024-12-14,Collision,Approved,4406.48
CLM-0000412,10000419,2024-11-03,2024-11-05,Comprehensive,Approved,1632.56
CLM-0000413,10000286,2025-06-28,2025-07-12,Collision,Approved,4989.06
CLM-0000414,10000002,2025-03-02,2025-03-13,Comprehensive,Approved,1208.17
CLM-0000415,10000083,2025-01-19,2025-01-24,Collision,Approved,7156.61
CLM-0000416,10000299,2025-06-24,2025-06-30,Collision,Approved,5938.57
CLM-0000417,10000707,2025-08-21,2025-08-27,Comprehensive,Approved,1897.52
CLM-0000418,10000527,2024-08-28,2024-09-03,Collision,Approved,5262.69
CLM-0000419,10000054,2024-07-11,2024-07-23,Comprehensive,Approved,2153.83
CLM-0000420,10000192,2024-08-10,2024-08-18,Comprehensive,Approved,1201.94
CLM-0000421,10000746,2025-12-01,2025-12-07,Comprehensive,Approved,2251.57
CLM-0000422,10000286,2025-01-02,2025-01-15,Comprehensive,Approved,1831.12
CLM-0000423,10000623,2025-05-04,2025-05-10,Collision,Approved,5088.57
CLM-0000424,10000942,2025-01-28,2025-02-08,Comprehensive,Pending,1289.36
CLM-0000425,10000767,2025-01-23,2025-01-29,Collision,Approved,4047.17
CLM-0000426,10000423,2024-11-16,2024-11-29,Collision,Approved,7680.62
CLM-0000427,10000011,2025-09-25,2025-10-02,Collision,Denied,6895.59
CLM-0000428,10000734,2025-05-25,2025-06-03,Collision,Denied,5085.58
CLM-0000429,10000151,2025-02-17,2025-02-28,Collision,Approved,6025.32
CLM-0000430,10000157,2024-07-20,2024-07-22,Collision,Approved,6044.4
CLM-0000431,10000594,2024-03-09,2024-03-17,Comprehensive,Approved,1832.39
CLM-0000432,10000288,2025-06-18,2025-06-29,Comprehensive,Approved,1824.06
CLM-0000433,10000314,2025-11-14,2025-11-28,Comprehensive,Approved,1279.44
CLM-0000434,10000383,2025-02-14,2025-02-16,Collision,Denied,4084.74
CLM-0000435,10000433,2025-08-07,2025-08-15,Collision,Approved,5214.59
CLM-0000436,10000276,2025-05-24,2025-05-25,Comprehensive,Pending,1632.25
CLM-0000437,10000754,2025-02-14,2025-02-19,Collision,Approved,6581.49
CLM-0000438,10000383,2024-10-27,2024-10-28,Collision,Approved,5627.36
CLM-0000439,10000382,2024-08-10,2024-08-21,Comprehensive,Approved,1795.82
CLM-0000440,10000250,2025-08-17,2025-08-29,Comprehensive,Approved,1317.71
CLM-0000441,10000803,2025-03-29,2025-04-12,Collision,Approved,5471.46
CLM-0000442,10000406,2025-05-07,2025-05-21,Comprehensive,Approved,1136.45
CLM-0000443,10000789,2025-06-15,2025-06-19,Comprehensive,Approved,1704.87
CLM-0000444,10000302,2024-09-17,2024-09-25,Collision,Pending,5974.89
CLM-0000445,10000325,2024-06-03,2024-06-14,Collision,Approved,7836.06
CLM-0000446,10000261,2025-04-12,2025-04-14,Comprehensive,Approved,2422.69
CLM-0000447,10000264,2024-11-23,2024-12-07,Comprehensive,Approved,1020.04
CLM-0000448,10000849,2024-09-14,2024-09-18,Comprehensive,Approved,1043.06
CLM-0000449,10000950,2025-05-06,2025-05-12,Comprehensive,Approved,1755.22
CLM-0000450,10000707,2024-11-10,2024-11-11,Collision,Approved,4813.02
CLM-0000451,10000302,2025-02-02,2025-02-03,Comprehensive,Approved,1279.7
CLM-0000452,10000529,2025-07-02,2025-07-16,Comprehensive,Approved,1017.68
CLM-0000453,10000732,2024-06-08,2024-06-16,Comprehensive,Approved,1817.54
CLM-0000454,10000291,2025-02-18,2025-02-28,Collision,Approved,6483.2
CLM-0000455,10000574,2024-08-18,2024-08-24,Comprehensive,Approved,1322.53
CLM-0000456,10000497,2024-09-02,2024-09-08,Collision,Approved,7070.42
CLM-0000457,10000992,2024-03-29,2024-04-12,Collision,Approved,4221.13
CLM-0000458,10000485,2025-03-14,2025-03-21,Collision,Pending,7765.93
CLM-0000459,10000013,2024-07-27,2024-08-05,Comprehensive,Pending,2184.54
CLM-0000460,10000905,2024-11-28,2024-12-01,Collision,Approved,6782.42
CLM-0000461,10000880,2024-11-14,2024-11-27,Collision,Pending,6768.02
CLM-0000462,10000898,2025-02-03,2025-02-07,Collision,Approved,6961.93
CLM-0000463,10000977,2024-11-20,2024-12-04,Comprehensive,Approved,2172.97
CLM-0000464,10000506,2025-03-09,2025-03-22,Comprehensive,Approved,2329.38
CLM-0000465,10000997,2025-08-06,2025-08-11,Comprehensive,Approved,2298.23
CLM-0000466,10000751,2025-08-21,2025-08-24,Comprehensive,Approved,1928.3
CLM-0000467,10000706,2024-08-11,2024-08-18,Collision,Denied,4548.16
CLM-0000468,10000726,2024-03-11,2024-03-16,Comprehensive,Approved,1077.13
CLM-0000469,10000404,2024-03-22,2024-03-23,Comprehensive,Approved,1157.74
CLM-0000470,10000117,2025-07-17,2025-07-19,Comprehensive,Approved,1622.71
CLM-0000471,10000392,2025-01-24,2025-02-04,Collision,Approved,4908.91
CLM-0000472,10000239,2024-12-28,2025-01-02,Comprehensive,Approved,2125.76
CLM-0000473,10000916,2024-10-28,2024-11-01,Comprehensive,Pending,2425.82
CLM-0000474,10000618,2024-01-26,2024-01-29,Collision,Approved,4844.68
CLM-0000475,10000614,2024-06-01,2024-06-08,Collision,Approved,6723.28
CLM-0000476,10000562,2025-02-25,2025-02-28,Collision,Approved,5812.47
CLM-0000477,10000518,2024-06-02,2024-06-08,Collision,Approved,5789.59
CLM-0000478,10000805,2025-07-26,2025-08-05,Comprehensive,Approved,1522.11
CLM-0000479,10000679,2024-10-01,2024-10-02,Collision,Approved,6342.4
CLM-0000480,10000733,2024-05-22,2024-05-31,Comprehensive,Pending,1348.81
CLM-0000481,10000684,2025-01-27,2025-02-05,Collision,Approved,4078.82
CLM-0000482,10000544,2024-12-24,2025-01-06,Collision,Approved,6409.4
CLM-0000483,10000204,2025-01-03,2025-01-16,Comprehensive,Approved,2376.4
CLM-0000484,10000350,2025-03-11,2025-03-24,Comprehensive,Pending,1899.85
CLM-0000485,10000849,2024-09-25,2024-10-08,Collision,Pending,7973.83
CLM-0000486,10000664,2025-05-24,2025-05-26,Comprehensive,Approved,2240.18
CLM-0000487,10000544,2024-10-26,2024-10-28,Comprehensive,Approved,1425.48
CLM-0000488,10000814,2024-04-16,2024-04-22,Collision,Approved,4894.19
CLM-0000489,10000984,2024-11-30,2024-12-10,Collision,Approved,4003.3
CLM-0000490,10000797,2025-04-21,2025-05-03,Collision,Approved,5026.27
CLM-0000491,10000185,2024-12-14,2024-12-17,Comprehensive,Pending,1978.35
CLM-0000492,10000237,2025-07-16,2025-07-21,Comprehensive,Approved,1740.66
CLM-0000493,10000328,2024-11-10,2024-11-22,Comprehensive,Approved,1743.97
CLM-0000494,10000911,2025-02-14,2025-02-20,Collision,Approved,4898.8
CLM-0000495,10000500,2024-02-26,2024-03-04,Collision,Approved,5022.06
CLM-0000496,10000898,2024-07-20,2024-07-23,Collision,Approved,4871.63
CLM-0000497,10000362,2024-12-08,2024-12-19,Comprehensive,Approved,1889.44
CLM-0000498,10000421,2025-01-15,2025-01-29,Comprehensive,Approved,2296.92
CLM-0000499,10000897,2025-04-19,2025-04-22,Collision,Approved,6897.03
CLM-0000500,10000160,2025-02-06,2025-02-07,Collision,Approved,5316.14
CLM-0000501,10000223,2024-12-17,2024-12-25,Comprehensive,Approved,1858.45
CLM-0000502,10000542,2025-03-01,2025-03-09,Collision,Approved,4401.86
CLM-0000503,10000052,2024-10-19,2024-10-25,Collision,Approved,6978.46
CLM-0000504,10000029,2024-09-12,2024-09-14,Comprehensive,Approved,2347.95
CLM-0000505,10000317,2025-09-15,2025-09-26,Collision,Approved,7169.42
CLM-0000506,10000794,2025-09-12,2025-09-22,Collision,Approved,6914.87
CLM-0000507,10000291,2025-01-31,2025-02-11,Comprehensive,Pending,1893.29
CLM-0000508,10000872,2025-07-21,2025-07-25,Comprehensive,Approved,2325.14
CLM-0000509,10000507,2025-03-15,2025-03-26,Collision,Approved,6902.28
CLM-0000510,10000904,2025-02-16,2025-03-01,Collision,Approved,7751.95
CLM-0000511,10000799,2025-02-10,2025-02-17,Collision,Approved,4987.13
CLM-0000512,10000972,2024-11-20,2024-12-01,Comprehensive,Approved,2186.2
CLM-0000513,10000784,2025-02-12,2025-02-26,Collision,Denied,4934.44
CLM-0000514,10000517,2024-08-23,2024-08-29,Collision,Approved,6880.86
CLM-0000515,10000594,2025-02-07,2025-02-21,Collision,Approved,5011.74
CLM-0000516,10000620,2024-08-31,2024-09-02,Collision,Pending,4806.47
CLM-0000517,10000306,2024-11-24,2024-11-25,Comprehensive,Approved,1828.2
CLM-0000518,10000810,2024-03-27,2024-04-09,Collision,Approved,6949.79
CLM-0000519,10000790,2024-11-01,2024-11-10,Collision,Approved,6150.89
CLM-0000520,10000430,2025-02-07,2025-02-16,Collision,Approved,5418.22
CLM-0000521,10000882,2025-11-21,2025-11-28,Collision,Pending,6281.78
CLM-0000522,10000991,2025-03-16,2025-03-21,Collision,Approved,4119.45
CLM-0000523,10000618,2025-01-07,2025-01-20,Comprehensive,Approved,1288.42
CLM-0000524,10000863,2024-08-01,2024-08-04,Comprehensive,Approved,1638.13
CLM-0000525,10000422,2025-01-30,2025-02-13,Comprehensive,Approved,1454.3
CLM-0000526,10000381,2024-12-01,2024-12-05,Comprehensive,Approved,1303.98
CLM-0000527,10000181,2025-09-28,2025-10-11,Collision,Approved,4809.74
CLM-0000528,10000615,2025-02-01,2025-02-11,Comprehensive,Approved,1937.75
CLM-0000529,10000051,2025-09-20,2025-09-23,Comprehensive,Approved,1765.32
CLM-0000530,10000989,2025-07-13,2025-07-19,Comprehensive,Approved,1118.39
CLM-0000531,10000059,2025-02-17,2025-02-26,Comprehensive,Approved,1309.97
CLM-0000532,10000361,2024-12-20,2024-12-26,Comprehensive,Approved,2225.36
CLM-0000533,10000411,2025-06-26,2025-07-04,Comprehensive,Pending,1532.01
CLM-0000534,10000138,2024-07-08,2024-07-09,Comprehensive,Approved,1248.2
CLM-0000535,10000506,2025-10-23,2025-11-04,Collision,Approved,7539.93
CLM-0000536,10000549,2025-03-18,2025-03-27,Collision,Approved,4249.72
CLM-0000537,10000309,2025-01-28,2025-02-03,Collision,Approved,6811.91
CLM-0000538,10000736,2025-05-08,2025-05-14,Comprehensive,Approved,1778.45
CLM-0000539,10000485,2025-02-15,2025-02-20,Collision,Approved,6168.41
CLM-0000540,10000049,2024-07-10,2024-07-23,Collision,Approved,5329.46
CLM-0000541,10000197,2024-10-23,2024-11-02,Comprehensive,Approved,1249.05
CLM-0000542,10000256,2025-01-26,2025-02-07,Collision,Approved,5470.64
CLM-0000543,10000632,2024-12-24,2025-01-01,Collision,Pending,7230.44
CLM-0000544,10000931,2025-09-03,2025-09-06,Collision,Approved,4285.1
CLM-0000545,10000900,2025-02-26,2025-03-04,Collision,Approved,4619.42
CLM-0000546,10000680,2025-08-16,2025-08-30,Comprehensive,Approved,1450.5
CLM-0000547,10000983,2024-10-14,2024-10-16,Comprehensive,Pending,1163.04
CLM-0000548,10000229,2024-11-14,2024-11-24,Comprehensive,Approved,1443.6
CLM-0000549,10000381,2024-12-06,2024-12-11,Comprehensive,Approved,2208.32
CLM-0000550,10000094,2024-10-11,2024-10-23,Comprehensive,Approved,1946.19
CLM-0000551,10000801,2024-07-05,2024-07-11,Collision,Approved,6022.34
CLM-0000552,10000192,2025-02-09,2025-02-21,Collision,Approved,6231.26
CLM-0000553,10000008,2025-07-30,2025-07-31,Comprehensive,Approved,1402.61
CLM-0000554,10000950,2024-10-10,2024-10-22,Comprehensive,Approved,1337.27
CLM-0000555,10000718,2024-11-23,2024-11-26,Comprehensive,Approved,2009.22
CLM-0000556,10000307,2025-02-22,2025-03-01,Comprehensive,Approved,1239.99
CLM-0000557,10000243,2025-10-05,2025-10-19,Comprehensive,Approved,1097.16
CLM-0000558,10000443,2025-06-17,2025-06-21,Collision,Approved,5972.27
CLM-0000559,10000291,2025-07-28,2025-08-01,Comprehensive,Approved,1354.69
CLM-0000560,10000884,2024-05-11,2024-05-22,Collision,Approved,5746.11
CLM-0000561,10000433,2025-07-21,2025-07-29,Collision,Approved,4034.45
CLM-0000562,10000115,2024-10-04,2024-10-10,Comprehensive,Approved,1161.95
CLM-0000563,10000731,2024-08-30,2024-09-08,Comprehensive,Approved,1363.07
CLM-0000564,10000197,2024-12-10,2024-12-22,Collision,Pending,6233.08
CLM-0000565,10000181,2025-04-07,2025-04-10,Comprehensive,Approved,1791.26
CLM-0000566,10000937,2024-12-20,2024-12-27,Comprehensive,Approved,1304.09
CLM-0000567,10000124,2025-04-03,2025-04-10,Comprehensive,Approved,1316.08
CLM-0000568,10000439,2024-09-25,2024-09-27,Collision,Pending,4321.6
CLM-0000569,10000507,2025-11-30,2025-12-07,Collision,Approved,7058.46
CLM-0000570,10000702,2025-07-22,2025-07-27,Collision,Approved,5736.08
CLM-0000571,10000104,2024-10-13,2024-10-16,Comprehensive,Approved,2369.49
CLM-0000572,10000064,2025-07-03,2025-07-16,Collision,Approved,4302.16
CLM-0000573,10000837,2024-06-21,2024-07-03,Comprehensive,Approved,1144.72
CLM-0000574,10000586,2024-11-26,2024-12-02,Comprehensive,Pending,2009.85
CLM-0000575,10000117,2025-05-11,2025-05-25,Comprehensive,Approved,1209.12
CLM-0000576,10000029,2025-03-29,2025-04-12,Collision,Approved,7607.6
CLM-0000577,10000083,2025-06-08,2025-06-10,Comprehensive,Approved,1056.4
CLM-0000578,10000483,2024-07-31,2024-08-07,Collision,Approved,6856.14
CLM-0000579,10000676,2024-11-09,2024-11-20,Comprehensive,Approved,2028.2
CLM-0000580,10000155,2025-10-01,2025-10-15,Comprehensive,Pending,1668.0
CLM-0000581,10000526,2024-11-09,2024-11-11,Comprehensive,Approved,2152.1
CLM-0000582,10000137,2024-10-13,2024-10-24,Collision,Approved,7391.0
CLM-0000583,10000293,2024-10-09,2024-10-21,Collision,Denied,4959.9
CLM-0000584,10001000,2025-03-16,2025-03-20,Collision,Approved,4745.89
CLM-0000585,10000894,2025-02-26,2025-03-10,Collision,Approved,4732.1
CLM-0000586,10000246,2024-08-18,2024-08-19,Comprehensive,Approved,1609.78
CLM-0000587,10000267,2024-09-12,2024-09-23,Comprehensive,Approved,1797.33
CLM-0000588,10000422,2024-06-14,2024-06-21,Comprehensive,Approved,1933.6
CLM-0000589,10000623,2025-06-20,2025-07-02,Comprehensive,Approved,1240.25
CLM-0000590,10000011,2024-12-02,2024-12-11,Collision,Approved,4973.11
CLM-0000591,10000184,2024-05-09,2024-05-22,Collision,Approved,5581.0
CLM-0000592,10000702,2025-07-02,2025-07-14,Collision,Approved,6830.94
CLM-0000593,10000244,2024-11-02,2024-11-06,Collision,Approved,4231.23
CLM-0000594,10000327,2025-09-04,2025-09-18,Collision,Approved,6596.49
CLM-0000595,10000827,2025-05-29,2025-06-08,Comprehensive,Approved,2054.55
CLM-0000596,10000450,2025-10-02,2025-10-07,Collision,Approved,7116.77
CLM-0000597,10000823,2025-08-21,2025-09-01,Comprehensive,Approved,1537.33
CLM-0000598,10000548,2025-07-17,2025-07-18,Collision,Approved,7698.21
CLM-0000599,10000518,2024-04-23,2024-05-05,Collision,Denied,4345.38
CLM-0000600,10000706,2025-04-30,2025-05-05,Collision,Approved,4223.4
CLM-0000601,10000144,2024-12-13,2024-12-18,Collision,Approved,6520.39
CLM-0000602,10000086,2025-04-13,2025-04-19,Collision,Approved,4460.48
CLM-0000603,10000654,2024-05-19,2024-05-24,Collision,Approved,4354.27
CLM-0000604,10000798,2025-02-09,2025-02-21,Comprehensive,Approved,1744.06
CLM-0000605,10000969,2024-11-03,2024-11-09,Collision,Approved,5457.24
CLM-0000606,10000446,2025-03-05,2025-03-12,Collision,Approved,5810.12
CLM-0000607,10000574,2024-08-23,2024-09-03,Comprehensive,Approved,2270.66
CLM-0000608,10000175,2024-09-06,2024-09-18,Collision,Approved,4054.46
CLM-0000609,10000207,2025-03-31,2025-04-05,Collision,Pending,6965.71
CLM-0000610,10000376,2025-02-09,2025-02-17,Comprehensive,Approved,2456.96
CLM-0000611,10000701,2025-04-30,2025-05-08,Collision,Pending,6607.14
CLM-0000612,10000750,2024-10-06,2024-10-07,Comprehensive,Approved,1849.01
CLM-0000613,10000405,2024-03-08,2024-03-18,Comprehensive,Approved,1051.54
CLM-0000614,10000492,2025-06-29,2025-07-06,Collision,Approved,4011.89
CLM-0000615,10000559,2025-02-09,2025-02-21,Collision,Approved,4026.12
CLM-0000616,10000892,2024-10-23,2024-10-30,Comprehensive,Approved,2205.59
CLM-0000617,10000060,2024-09-02,2024-09-03,Collision,Approved,5237.23
CLM-0000618,10000858,2024-07-27,2024-08-02,Comprehensive,Approved,1308.54
CLM-0000619,10000788,2024-12-04,2024-12-08,Comprehensive,Approved,2235.63
CLM-0000620,10000386,2024-05-27,2024-06-08,Collision,Approved,4822.3
CLM-0000621,10000137,2024-10-04,2024-10-06,Collision,Approved,7675.11
CLM-0000622,10000286,2025-09-08,2025-09-16,Comprehensive,Approved,2065.46
CLM-0000623,10000775,2024-07-03,2024-07-17,Comprehensive,Approved,1690.86
CLM-0000624,10000156,2024-07-30,2024-08-04,Collision,Approved,6362.68
CLM-0000625,10000737,2025-02-06,2025-02-09,Comprehensive,Approved,1538.69
CLM-0000626,10000317,2025-04-25,2025-04-28,Comprehensive,Approved,1477.31
CLM-0000627,10000426,2024-01-14,2024-01-26,Collision,Pending,7546.21
CLM-0000628,10000912,2024-12-16,2024-12-25,Comprehensive,Approved,1523.04
CLM-0000629,10000495,2024-11-02,2024-11-03,Comprehensive,Pending,1261.48
CLM-0000630,10000571,2025-01-07,2025-01-21,Collision,Approved,6290.13
CLM-0000631,10000232,2025-03-01,2025-03-11,Collision,Approved,7860.35
CLM-0000632,10000444,2024-06-26,2024-06-28,Collision,Approved,4007.47
CLM-0000633,10000729,2025-05-17,2025-05-19,Collision,Approved,5165.88
CLM-0000634,10000696,2024-05-22,2024-06-05,Collision,Pending,6977.33
CLM-0000635,10000358,2025-10-01,2025-10-03,Comprehensive,Approved,2397.48
CLM-0000636,10000907,2025-06-06,2025-06-08,Collision,Approved,5542.45
CLM-0000637,10000032,2024-12-01,2024-12-13,Comprehensive,Approved,1243.59
CLM-0000638,10000520,2024-10-08,2024-10-20,Comprehensive,Pending,1553.06
CLM-0000639,10000849,2024-07-03,2024-07-07,Comprehensive,Approved,1160.24
CLM-0000640,10000358,2025-05-21,2025-05-22,Comprehensive,Approved,2258.18
CLM-0000641,10000105,2025-04-08,2025-04-19,Collision,Approved,6008.96
CLM-0000642,10000072,2025-05-18,2025-05-20,Collision,Approved,6489.99
CLM-0000643,10000158,2024-06-20,2024-06-29,Comprehensive,Approved,2242.65
CLM-0000644,10000923,2025-10-10,2025-10-18,Comprehensive,Approved,2218.07
CLM-0000645,10000767,2024-12-07,2024-12-19,Comprehensive,Approved,2495.43
CLM-0000646,10000130,2025-03-23,2025-03-24,Comprehensive,Approved,1697.27
CLM-0000647,10000623,2025-07-25,2025-08-04,Comprehensive,Approved,2305.44
CLM-0000648,10000054,2024-03-17,2024-03-19,Comprehensive,Approved,2178.03
CLM-0000649,10000973,2024-05-17,2024-05-19,Collision,Denied,7367.21
CLM-0000650,10000180,2025-01-22,2025-01-26,Collision,Approved,5032.49
CLM-0000651,10000516,2024-12-14,2024-12-15,Collision,Approved,6985.43
CLM-0000652,10000316,2025-10-10,2025-10-23,Collision,Approved,7548.32
CLM-0000653,10000684,2024-10-23,2024-10-27,Collision,Approved,5916.07
CLM-0000654,10000521,2024-10-04,2024-10-17,Comprehensive,Pending,1857.56
CLM-0000655,10000580,2025-01-08,2025-01-11,Collision,Pending,7395.54
CLM-0000656,10000707,2025-06-03,2025-06-11,Comprehensive,Approved,1414.27
CLM-0000657,10000967,2025-02-24,2025-03-01,Collision,Approved,7872.43
CLM-0000658,10000048,2024-05-17,2024-05-27,Comprehensive,Pending,1910.22
CLM-0000659,10000647,2024-11-27,2024-12-09,Collision,Approved,6867.44
CLM-0000660,10000049,2024-09-23,2024-10-01,Collision,Approved,4945.7
CLM-0000661,10000571,2024-09-23,2024-09-27,Collision,Pending,5568.63
CLM-0000662,10000304,2025-03-14,2025-03-21,Collision,Approved,6616.52
CLM-0000663,10000295,2025-03-07,2025-03-16,Collision,Approved,5396.65
CLM-0000664,10000594,2025-01-06,2025-01-19,Comprehensive,Pending,1854.31
CLM-0000665,10000047,2025-03-22,2025-03-26,Comprehensive,Approved,1149.34
CLM-0000666,10000080,2025-03-28,2025-04-01,Collision,Approved,7068.87
CLM-0000667,10000949,2024-11-19,2024-12-01,Collision,Approved,5331.77
CLM-0000668,10000641,2025-05-30,2025-06-02,Comprehensive,Approved,2127.52
CLM-0000669,10000707,2025-04-21,2025-04-26,Collision,Approved,4346.28
CLM-0000670,10000284,2024-06-12,2024-06-20,Collision,Approved,6204.5
CLM-0000671,10000386,2025-02-27,2025-03-02,Collision,Approved,7612.59
CLM-0000672,10000969,2025-05-15,2025-05-29,Collision,Approved,5807.98
CLM-0000673,10000098,2024-07-15,2024-07-24,Collision,Pending,5743.53
CLM-0000674,10000670,2025-02-22,2025-03-06,Comprehensive,Approved,1168.62
CLM-0000675,10000791,2025-09-08,2025-09-17,Collision,Approved,6150.65
CLM-0000676,10000342,2025-05-31,2025-06-07,Collision,Approved,6583.52
CLM-0000677,10000343,2024-12-10,2024-12-18,Collision,Denied,7527.76
CLM-0000678,10000894,2025-06-16,2025-06-18,Collision,Approved,5098.75
CLM-0000679,10000945,2025-03-09,2025-03-23,Collision,Approved,4279.2
CLM-0000680,10000563,2025-04-25,2025-04-29,Comprehensive,Approved,1970.94
CLM-0000681,10000548,2025-05-05,2025-05-14,Comprehensive,Approved,1991.29
CLM-0000682,10000366,2025-01-23,2025-02-02,Comprehensive,Pending,1512.21
CLM-0000683,10000811,2024-10-01,2024-10-11,Collision,Approved,7998.64
CLM-0000684,10000227,2025-03-11,2025-03-25,Collision,Approved,7520.83
CLM-0000685,10000654,2024-11-07,2024-11-19,Comprehensive,Approved,2184.04
CLM-0000686,10000706,2025-04-16,2025-04-21,Collision,Pending,5213.85
CLM-0000687,10000581,2025-06-10,2025-06-11,Comprehensive,Approved,2422.65
CLM-0000688,10000419,2024-07-23,2024-07-28,Comprehensive,Approved,2085.22
CLM-0000689,10000464,2025-01-12,2025-01-15,Comprehensive,Approved,1801.07
CLM-0000690,10000279,2025-07-04,2025-07-12,Comprehensive,Approved,1958.18
CLM-0000691,10000987,2025-01-06,2025-01-16,Collision,Approved,6401.33
CLM-0000692,10000081,2025-06-06,2025-06-10,Collision,Approved,4029.6
CLM-0000693,10000948,2024-09-02,2024-09-05,Comprehensive,Approved,1084.15
CLM-0000694,10000398,2024-12-12,2024-12-21,Collision,Approved,7514.05
CLM-0000695,10000523,2024-12-23,2025-01-02,Collision,Approved,7700.55
CLM-0000696,10000853,2024-10-27,2024-11-05,Comprehensive,Approved,1685.01
CLM-0000697,10000011,2024-12-02,2024-12-14,Collision,Denied,6742.04
CLM-0000698,10000575,2025-03-17,2025-03-27,Comprehensive,Approved,1463.09
CLM-0000699,10000029,2024-12-19,2024-12-24,Comprehensive,Approved,1981.5
CLM-0000700,10000049,2024-12-12,2024-12-19,Collision,Approved,5163.48
CLM-0000701,10000960,2025-08-28,2025-08-29,Comprehensive,Approved,1563.31
CLM-0000702,10000041,2024-11-16,2024-11-20,Comprehensive,Denied,1002.3
CLM-0000703,10000558,2025-04-01,2025-04-08,Collision,Approved,5822.74
CLM-0000704,10000879,2025-08-18,2025-08-22,Collision,Approved,5938.72
CLM-0000705,10000748,2024-08-27,2024-08-30,Collision,Approved,6301.94
CLM-0000706,10000459,2025-08-07,2025-08-21,Comprehensive,Approved,2487.46
CLM-0000707,10000740,2025-09-16,2025-09-29,Comprehensive,Approved,1572.14
CLM-0000708,10000485,2024-06-11,2024-06-12,Comprehensive,Approved,2299.05
CLM-0000709,10000860,2024-09-09,2024-09-23,Collision,Pending,6982.7
CLM-0000710,10000327,2025-08-20,2025-08-25,Collision,Approved,4520.04
CLM-0000711,10000370,2025-06-14,2025-06-22,Collision,Approved,5439.07
CLM-0000712,10000516,2024-09-11,2024-09-25,Comprehensive,Approved,1930.15
CLM-0000713,10000729,2025-05-20,2025-05-21,Comprehensive,Approved,1583.54
CLM-0000714,10000950,2025-06-13,2025-06-17,Collision,Denied,6047.19
CLM-0000715,10000524,2024-10-01,2024-10-13,Comprehensive,Approved,1543.9
CLM-0000716,10000565,2025-04-03,2025-04-12,Collision,Approved,7946.49
CLM-0000717,10000365,2024-03-07,2024-03-11,Comprehensive,Approved,1300.14
CLM-0000718,10000485,2024-12-20,2024-12-29,Collision,Approved,5839.33
CLM-0000719,10000654,2024-10-01,2024-10-10,Collision,Approved,7295.22
CLM-0000720,10000585,2024-08-06,2024-08-10,Collision,Approved,7513.81
CLM-0000721,10000431,2025-03-09,2025-03-23,Comprehensive,Approved,1638.27
CLM-0000722,10000552,2025-03-02,2025-03-10,Comprehensive,Approved,2119.39
CLM-0000723,10000505,2025-01-21,2025-01-24,Comprehensive,Approved,1316.12
CLM-0000724,10000750,2024-09-29,2024-10-01,Comprehensive,Approved,2165.95
CLM-0000725,10000074,2025-01-04,2025-01-08,Comprehensive,Approved,1743.85
CLM-0000726,10000595,2024-09-24,2024-09-27,Collision,Approved,5527.33
CLM-0000727,10000343,2024-08-29,2024-08-31,Collision,Pending,4753.71
CLM-0000728,10000950,2025-08-10,2025-08-19,Collision,Approved,4050.51
CLM-0000729,10000080,2025-01-31,2025-02-03,Comprehensive,Approved,1907.84
CLM-0000730,10000739,2025-02-04,2025-02-16,Comprehensive,Approved,1446.44
CLM-0000731,10000941,2024-10-12,2024-10-26,Comprehensive,Approved,1533.5
CLM-0000732,10000632,2025-04-19,2025-04-29,Comprehensive,Pending,1636.46
CLM-0000733,10000212,2024-11-06,2024-11-11,Collision,Approved,6660.93
CLM-0000734,10000565,2024-09-14,2024-09-15,Comprehensive,Approved,1738.93
CLM-0000735,10000904,2025-05-01,2025-05-04,Collision,Pending,5361.64
CLM-0000736,10000483,2024-08-12,2024-08-16,Comprehensive,Approved,1161.32
CLM-0000737,10000241,2025-01-03,2025-01-11,Comprehensive,Approved,1316.91
CLM-0000738,10000786,2025-05-15,2025-05-29,Comprehensive,Approved,1482.78
CLM-0000739,10000344,2025-01-07,2025-01-13,Comprehensive,Approved,1227.82
CLM-0000740,10000060,2024-10-15,2024-10-21,Collision,Pending,7806.29
CLM-0000741,10000539,2024-05-23,2024-06-06,Collision,Approved,6279.84
CLM-0000742,10000163,2025-08-19,2025-08-25,Comprehensive,Approved,2469.83
CLM-0000743,10000737,2025-07-02,2025-07-16,Collision,Approved,5282.91
CLM-0000744,10000355,2024-01-21,2024-02-04,Comprehensive,Approved,1061.41
CLM-0000745,10000960,2025-03-23,2025-04-05,Comprehensive,Approved,1740.36
CLM-0000746,10000089,2025-04-25,2025-05-07,Collision,Approved,5377.49
CLM-0000747,10000182,2025-04-14,2025-04-15,Collision,Approved,5806.87
CLM-0000748,10000602,2025-01-12,2025-01-17,Comprehensive,Approved,2456.54
CLM-0000749,10000265,2025-04-17,2025-04-28,Collision,Approved,6942.98
CLM-0000750,10000760,2024-04-21,2024-05-02,Collision,Approved,5209.94
CLM-0000751,10000138,2024-05-07,2024-05-10,Collision,Approved,7232.41
CLM-0000752,10000751,2025-09-10,2025-09-17,Comprehensive,Approved,1966.49
CLM-0000753,10000669,2025-06-28,2025-06-29,Collision,Approved,6192.86
CLM-0000754,10000790,2024-06-22,2024-06-24,Collision,Approved,6145.31
CLM-0000755,10000357,2024-11-27,2024-11-30,Collision,Approved,6458.17
CLM-0000756,10000163,2025-09-18,2025-09-26,Collision,Approved,7791.93
CLM-0000757,10000680,2025-02-07,2025-02-13,Collision,Approved,5363.74
CLM-0000758,10000245,2024-09-25,2024-09-29,Collision,Approved,4603.86
CLM-0000759,10000016,2024-05-09,2024-05-18,Collision,Approved,5715.33
CLM-0000760,10000430,2024-09-01,2024-09-02,Collision,Approved,5600.44
CLM-0000761,10000306,2025-09-14,2025-09-25,Comprehensive,Approved,2317.63
CLM-0000762,10000060,2024-05-27,2024-06-04,Collision,Approved,7540.2
CLM-0000763,10000072,2025-09-01,2025-09-02,Comprehensive,Approved,1691.95
CLM-0000764,10000381,2024-12-06,2024-12-07,Collision,Approved,4189.82
CLM-0000765,10000213,2025-05-23,2025-06-04,Collision,Pending,7514.02
CLM-0000766,10000318,2025-06-28,2025-07-05,Collision,Approved,7391.57
CLM-0000767,10000192,2024-11-16,2024-11-25,Comprehensive,Approved,1555.05
CLM-0000768,10000468,2024-11-02,2024-11-14,Comprehensive,Approved,2476.56
CLM-0000769,10000509,2025-05-13,2025-05-16,Comprehensive,Approved,1612.71
CLM-0000770,10000759,2024-12-29,2025-01-05,Comprehensive,Approved,1084.22
CLM-0000771,10000771,2024-12-04,2024-12-09,Comprehensive,Approved,1512.14
CLM-0000772,10000326,2024-11-03,2024-11-10,Collision,Approved,4646.26
CLM-0000773,10000361,2024-07-15,2024-07-27,Collision,Approved,6609.55
CLM-0000774,10000566,2024-07-23,2024-08-05,Comprehensive,Approved,2270.59
CLM-0000775,10000221,2025-10-11,2025-10-15,Comprehensive,Approved,1009.18
CLM-0000776,10000666,2025-10-10,2025-10-24,Collision,Approved,5952.19
CLM-0000777,10000045,2025-01-12,2025-01-26,Comprehensive,Approved,1273.67
CLM-0000778,10000495,2024-09-10,2024-09-12,Collision,Approved,4217.66
CLM-0000779,10000169,2025-05-13,2025-05-17,Comprehensive,Approved,1887.03
CLM-0000780,10000428,2025-04-28,2025-05-08,Comprehensive,Approved,1169.77
CLM-0000781,10000327,2025-08-27,2025-08-30,Comprehensive,Approved,1821.28
CLM-0000782,10000910,2024-11-27,2024-12-10,Comprehensive,Approved,1790.63
CLM-0000783,10000440,2024-06-02,2024-06-03,Collision,Approved,6079.59
CLM-0000784,10000789,2025-05-30,2025-06-11,Collision,Approved,5104.53
CLM-0000785,10000676,2024-10-13,2024-10-17,Comprehensive,Approved,1349.19
CLM-0000786,10000117,2025-04-26,2025-04-30,Comprehensive,Approved,1891.59
CLM-0000787,10000381,2024-08-12,2024-08-15,Collision,Approved,5901.29
CLM-0000788,10000514,2024-09-14,2024-09-28,Collision,Approved,4528.79
CLM-0000789,10000118,2024-08-17,2024-08-19,Comprehensive,Approved,2264.53
CLM-0000790,10000168,2025-06-10,2025-06-17,Comprehensive,Approved,2011.49
CLM-0000791,10000258,2024-05-17,2024-05-30,Collision,Approved,5178.61
CLM-0000792,10000149,2025-01-13,2025-01-26,Collision,Approved,4940.55
CLM-0000793,10000049,2024-06-02,2024-06-03,Comprehensive,Approved,1432.85
CLM-0000794,10000240,2024-06-23,2024-07-06,Comprehensive,Denied,1872.03
CLM-0000795,10000338,2025-02-20,2025-02-23,Comprehensive,Approved,2397.1
CLM-0000796,10000217,2025-01-28,2025-02-06,Collision,Approved,7470.22
CLM-0000797,10000346,2025-03-26,2025-03-31,Collision,Approved,4031.28
CLM-0000798,10000587,2024-03-02,2024-03-10,Collision,Approved,7738.19
CLM-0000799,10000463,2024-11-08,2024-11-18,Collision,Denied,7690.17
CLM-0000800,10000003,2024-12-12,2024-12-26,Comprehensive,Approved,2066.49
CLM-0000801,10000663,2024-08-16,2024-08-21,Comprehensive,Approved,1636.8
CLM-0000802,10000929,2024-12-03,2024-12-07,Comprehensive,Pending,1837.78
CLM-0000803,10000424,2025-08-22,2025-09-03,Collision,Approved,6354.19
CLM-0000804,10000304,2024-08-07,2024-08-19,Comprehensive,Approved,1750.0
CLM-0000805,10000877,2025-04-15,2025-04-29,Comprehensive,Approved,2472.15
CLM-0000806,10000718,2025-03-08,2025-03-22,Collision,Approved,4555.0
CLM-0000807,10000113,2025-01-09,2025-01-19,Collision,Pending,6285.28
CLM-0000808,10000561,2025-08-21,2025-09-01,Collision,Approved,5648.46
CLM-0000809,10000284,2024-09-15,2024-09-22,Comprehensive,Pending,1896.74
CLM-0000810,10000354,2025-05-01,2025-05-11,Comprehensive,Approved,1475.6
CLM-0000811,10000354,2025-04-26,2025-05-04,Collision,Pending,4080.51
CLM-0000812,10000724,2024-12-12,2024-12-21,Comprehensive,Approved,1944.07
CLM-0000813,10000847,2025-02-18,2025-03-02,Comprehensive,Approved,1901.36
CLM-0000814,10000086,2025-03-31,2025-04-05,Comprehensive,Approved,1141.58
CLM-0000815,10000506,2025-09-26,2025-10-10,Comprehensive,Approved,1413.18
CLM-0000816,10000003,2024-05-27,2024-05-29,Collision,Approved,4079.18
CLM-0000817,10000317,2025-04-20,2025-04-27,Comprehensive,Approved,2038.97
CLM-0000818,10000506,2025-03-15,2025-03-23,Comprehensive,Approved,1368.47
CLM-0000819,10000167,2025-02-27,2025-03-12,Collision,Approved,7898.43
CLM-0000820,10000633,2024-09-04,2024-09-05,Comprehensive,Approved,1808.85
CLM-0000821,10000795,2024-09-21,2024-10-04,Comprehensive,Approved,1466.06
CLM-0000822,10000707,2025-07-07,2025-07-13,Comprehensive,Approved,1969.18
CLM-0000823,10000901,2025-01-26,2025-02-01,Comprehensive,Approved,1118.38
CLM-0000824,10000114,2025-05-22,2025-05-24,Collision,Approved,4312.96
CLM-0000825,10000451,2024-11-17,2024-11-21,Comprehensive,Approved,1944.1
CLM-0000826,10000547,2025-10-25,2025-11-01,Comprehensive,Approved,2022.22
CLM-0000827,10000849,2024-06-03,2024-06-16,Comprehensive,Approved,1166.92
CLM-0000828,10000665,2025-07-03,2025-07-09,Comprehensive,Approved,2061.63
CLM-0000829,10000024,2025-06-21,2025-07-05,Comprehensive,Approved,2118.19
CLM-0000830,10000804,2025-04-06,2025-04-17,Comprehensive,Approved,1847.42
CLM-0000831,10000379,2024-11-01,2024-11-02,Collision,Approved,5815.99
CLM-0000832,10000811,2024-12-14,2024-12-18,Collision,Approved,5592.3
CLM-0000833,10000483,2025-03-13,2025-03-21,Comprehensive,Approved,1643.63
CLM-0000834,10000565,2024-10-15,2024-10-29,Comprehensive,Approved,1929.98
CLM-0000835,10000093,2025-04-24,2025-05-08,Collision,Approved,5678.0
CLM-0000836,10000297,2025-01-06,2025-01-07,Comprehensive,Approved,2499.52
CLM-0000837,10000945,2024-12-01,2024-12-03,Comprehensive,Approved,1691.16
CLM-0000838,10000600,2024-10-25,2024-11-05,Comprehensive,Approved,1655.36
CLM-0000839,10000267,2024-10-24,2024-11-02,Comprehensive,Approved,2479.08
CLM-0000840,10000481,2024-05-26,2024-06-06,Comprehensive,Approved,1191.22
CLM-0000841,10000444,2025-05-01,2025-05-04,Collision,Approved,5235.93
CLM-0000842,10000210,2024-09-07,2024-09-21,Comprehensive,Approved,1596.46
CLM-0000843,10000037,2025-03-14,2025-03-22,Comprehensive,Approved,1705.24
CLM-0000844,10000052,2024-06-25,2024-07-09,Comprehensive,Approved,2187.7
CLM-0000845,10000189,2025-07-09,2025-07-13,Comprehensive,Approved,1731.76
CLM-0000846,10000115,2024-08-06,2024-08-08,Collision,Approved,6906.64
CLM-0000847,10000737,2025-02-03,2025-02-08,Comprehensive,Approved,1435.56
CLM-0000848,10000435,2025-04-03,2025-04-14,Comprehensive,Approved,1795.12
CLM-0000849,10000675,2025-05-21,2025-06-01,Collision,Approved,4817.94
CLM-0000850,10000046,2025-01-09,2025-01-18,Collision,Approved,6589.99
CLM-0000851,10000105,2025-07-03,2025-07-10,Comprehensive,Approved,1229.9
CLM-0000852,10000547,2025-02-02,2025-02-09,Collision,Approved,4031.87
CLM-0000853,10000858,2025-02-10,2025-02-23,Comprehensive,Approved,1527.74
CLM-0000854,10000181,2025-04-29,2025-05-13,Collision,Approved,7965.03
CLM-0000855,10000231,2024-12-13,2024-12-14,Comprehensive,Approved,2312.1
CLM-0000856,10000072,2025-05-25,2025-06-04,Collision,Approved,7860.02
CLM-0000857,10000504,2025-08-26,2025-08-31,Collision,Approved,6202.16
CLM-0000858,10000625,2025-02-02,2025-02-08,Collision,Pending,5089.09
CLM-0000859,10000946,2025-04-09,2025-04-12,Collision,Approved,5649.92
CLM-0000860,10000549,2025-07-13,2025-07-24,Comprehensive,Approved,1885.9
CLM-0000861,10000288,2025-08-25,2025-08-31,Collision,Approved,4509.09
CLM-0000862,10000380,2025-02-04,2025-02-18,Comprehensive,Approved,1769.55
CLM-0000863,10000518,2024-05-23,2024-06-01,Comprehensive,Approved,1592.29
CLM-0000864,10000483,2024-10-16,2024-10-30,Collision,Approved,6115.24
CLM-0000865,10000054,2024-10-26,2024-11-04,Collision,Approved,4406.99
CLM-0000866,10000536,2025-03-23,2025-03-25,Comprehensive,Approved,1412.01
CLM-0000867,10000644,2024-04-24,2024-05-06,Collision,Pending,5814.79
CLM-0000868,10000516,2024-01-05,2024-01-14,Comprehensive,Approved,1610.91
CLM-0000869,10000653,2025-09-04,2025-09-08,Comprehensive,Approved,1157.56
CLM-0000870,10000864,2024-11-20,2024-12-02,Comprehensive,Approved,1545.47
CLM-0000871,10000591,2024-11-06,2024-11-19,Comprehensive,Approved,2227.4
CLM-0000872,10000571,2024-09-15,2024-09-22,Collision,Approved,4512.0
CLM-0000873,10000232,2025-03-30,2025-04-13,Comprehensive,Pending,1626.9
CLM-0000874,10000905,2025-10-10,2025-10-14,Collision,Approved,7080.18
CLM-0000875,10000614,2024-12-01,2024-12-07,Collision,Denied,4298.63
CLM-0000876,10000623,2025-07-24,2025-08-01,Collision,Approved,5167.82
CLM-0000877,10000481,2024-08-08,2024-08-15,Comprehensive,Approved,2152.41
CLM-0000878,10000898,2024-07-12,2024-07-26,Comprehensive,Approved,1616.01
CLM-0000879,10000853,2025-03-26,2025-04-03,Comprehensive,Approved,1048.85
CLM-0000880,10000211,2024-09-23,2024-10-01,Collision,Approved,5043.92
CLM-0000881,10000176,2024-11-29,2024-12-01,Collision,Approved,5192.1
CLM-0000882,10000452,2024-10-07,2024-10-21,Collision,Approved,5412.04
CLM-0000883,10000061,2025-06-09,2025-06-15,Collision,Approved,7862.1
CLM-0000884,10000832,2024-09-09,2024-09-10,Collision,Approved,5928.18
CLM-0000885,10000836,2024-08-23,2024-09-02,Comprehensive,Pending,1605.06
CLM-0000886,10000350,2024-08-27,2024-08-30,Collision,Approved,4790.71
CLM-0000887,10000908,2025-03-27,2025-04-01,Comprehensive,Approved,2055.64
CLM-0000888,10000992,2024-02-14,2024-02-25,Collision,Approved,7483.26
CLM-0000889,10000428,2025-06-09,2025-06-13,Comprehensive,Approved,1090.41
CLM-0000890,10000555,2025-07-30,2025-08-10,Comprehensive,Approved,1981.56
CLM-0000891,10000669,2025-09-23,2025-09-25,Collision,Approved,4450.83
CLM-0000892,10000267,2024-11-22,2024-11-30,Collision,Approved,6730.86
CLM-0000893,10000317,2025-04-11,2025-04-14,Collision,Approved,4342.92
CLM-0000894,10000035,2024-12-09,2024-12-20,Comprehensive,Approved,1613.57
CLM-0000895,10000379,2024-09-27,2024-09-28,Collision,Denied,7174.41
CLM-0000896,10000035,2024-03-15,2024-03-21,Comprehensive,Approved,2024.94
CLM-0000897,10000016,2024-05-14,2024-05-24,Comprehensive,Approved,1088.32
CLM-0000898,10000240,2024-02-29,2024-03-12,Comprehensive,Approved,1594.06
CLM-0000899,10000330,2024-03-20,2024-03-22,Collision,Approved,4285.25
CLM-0000900,10000680,2024-12-30,2025-01-08,Collision,Approved,6445.53
CLM-0000901,10000590,2024-09-23,2024-10-06,Collision,Approved,4194.84
CLM-0000902,10000038,2025-01-24,2025-01-31,Collision,Approved,6560.2
CLM-0000903,10000610,2024-08-03,2024-08-16,Comprehensive,Denied,2175.84
CLM-0000904,10000101,2025-05-11,2025-05-18,Collision,Approved,4786.53
CLM-0000905,10000267,2024-11-16,2024-11-18,Comprehensive,Approved,1377.67
CLM-0000906,10000659,2024-12-19,2025-01-01,Comprehensive,Approved,2354.73
CLM-0000907,10000748,2024-08-12,2024-08-15,Collision,Approved,7379.43
CLM-0000908,10000736,2025-04-03,2025-04-16,Collision,Pending,6709.33
CLM-0000909,10000877,2025-05-01,2025-05-09,Collision,Approved,7933.52
CLM-0000910,10000606,2025-05-02,2025-05-05,Collision,Approved,6032.96
CLM-0000911,10000601,2025-09-13,2025-09-15,Comprehensive,Approved,1625.81
CLM-0000912,10000161,2025-03-13,2025-03-15,Comprehensive,Approved,1392.85
CLM-0000913,10000029,2025-02-03,2025-02-12,Collision,Approved,5019.49
CLM-0000914,10000089,2025-11-07,2025-11-09,Collision,Approved,5470.81
CLM-0000915,10000093,2025-11-18,2025-11-27,Comprehensive,Pending,1095.17
CLM-0000916,10000384,2024-02-24,2024-02-26,Comprehensive,Pending,1864.52
CLM-0000917,10000518,2024-11-29,2024-11-30,Collision,Approved,5487.13
CLM-0000918,10000327,2025-11-29,2025-12-13,Collision,Denied,6133.02
CLM-0000919,10000894,2025-02-21,2025-02-26,Comprehensive,Approved,1991.93
CLM-0000920,10000177,2025-07-27,2025-08-02,Comprehensive,Approved,1722.58
CLM-0000921,10000241,2025-09-04,2025-09-13,Collision,Approved,4601.18
CLM-0000922,10000435,2025-07-02,2025-07-13,Comprehensive,Pending,1113.75
CLM-0000923,10000311,2025-06-07,2025-06-13,Collision,Approved,4832.32
CLM-0000924,10000367,2025-01-30,2025-02-09,Collision,Approved,7405.68
CLM-0000925,10000808,2025-01-19,2025-01-21,Collision,Approved,7511.3
CLM-0000926,10000680,2024-10-04,2024-10-05,Comprehensive,Approved,1736.23
CLM-0000927,10000545,2025-07-26,2025-07-28,Collision,Approved,4323.2
CLM-0000928,10000738,2024-05-27,2024-06-10,Collision,Approved,4911.42
CLM-0000929,10000643,2025-06-02,2025-06-06,Comprehensive,Approved,1611.22
CLM-0000930,10000162,2025-02-13,2025-02-19,Comprehensive,Approved,1387.86
CLM-0000931,10000710,2024-11-28,2024-12-12,Collision,Pending,4501.64
CLM-0000932,10000953,2025-02-11,2025-02-21,Comprehensive,Approved,1705.59
CLM-0000933,10000852,2024-02-07,2024-02-12,Collision,Approved,4966.06
CLM-0000934,10000755,2024-09-12,2024-09-18,Comprehensive,Approved,1986.95
CLM-0000935,10000486,2025-08-07,2025-08-17,Comprehensive,Approved,1590.46
CLM-0000936,10000103,2025-03-22,2025-04-04,Comprehensive,Pending,2155.28
CLM-0000937,10000902,2025-12-10,2025-12-19,Collision,Approved,4525.54
CLM-0000938,10000221,2025-06-10,2025-06-21,Collision,Pending,5309.26
CLM-0000939,10000965,2025-05-02,2025-05-10,Comprehensive,Denied,2052.17
CLM-0000940,10000276,2025-03-19,2025-03-31,Collision,Approved,5408.17
CLM-0000941,10000029,2024-09-02,2024-09-08,Collision,Approved,7404.7
CLM-0000942,10000965,2025-06-01,2025-06-12,Collision,Approved,4346.86
CLM-0000943,10000818,2025-06-13,2025-06-15,Comprehensive,Pending,1017.56
CLM-0000944,10000905,2025-05-24,2025-06-06,Collision,Approved,6207.18
CLM-0000945,10000370,2024-11-27,2024-12-05,Collision,Approved,5888.07
CLM-0000946,10000934,2024-11-21,2024-12-05,Collision,Approved,7796.86
CLM-0000947,10000068,2025-03-25,2025-04-05,Comprehensive,Approved,1220.89
CLM-0000948,10000877,2025-07-15,2025-07-28,Collision,Approved,6249.68
CLM-0000949,10000894,2025-02-27,2025-03-02,Comprehensive,Approved,1406.77
CLM-0000950,10000949,2024-10-20,2024-10-31,Comprehensive,Approved,1010.06
CLM-0000951,10000175,2025-01-26,2025-02-04,Collision,Denied,7538.35
CLM-0000952,10000829,2024-11-28,2024-12-09,Comprehensive,Approved,1191.5
CLM-0000953,10000392,2024-07-19,2024-07-31,Collision,Approved,6864.4
CLM-0000954,10000294,2024-03-05,2024-03-19,Comprehensive,Approved,1434.18
CLM-0000955,10000583,2025-03-03,2025-03-16,Comprehensive,Approved,1809.89
CLM-0000956,10000019,2024-06-23,2024-06-27,Collision,Approved,7990.41
CLM-0000957,10000038,2024-06-03,2024-06-13,Collision,Approved,7871.22
CLM-0000958,10000534,2024-05-29,2024-06-10,Collision,Approved,7172.84
CLM-0000959,10000422,2024-05-05,2024-05-14,Comprehensive,Approved,1427.76
CLM-0000960,10000014,2024-04-30,2024-05-08,Collision,Approved,4535.37
CLM-0000961,10000313,2024-07-07,2024-07-19,Collision,Approved,7902.54
CLM-0000962,10000736,2025-04-14,2025-04-17,Collision,Approved,7067.61
CLM-0000963,10000035,2024-04-27,2024-05-09,Comprehensive,Pending,2324.08
CLM-0000964,10000893,2025-08-31,2025-09-05,Comprehensive,Approved,2400.22
CLM-0000965,10000213,2025-02-27,2025-03-07,Comprehensive,Approved,2053.57
CLM-0000966,10000012,2024-07-14,2024-07-25,Collision,Approved,4032.97
CLM-0000967,10000386,2024-12-23,2024-12-28,Comprehensive,Approved,1107.38
CLM-0000968,10000442,2025-03-11,2025-03-24,Comprehensive,Approved,1455.12
CLM-0000969,10000041,2025-03-09,2025-03-17,Comprehensive,Approved,1297.95
CLM-0000970,10000654,2025-02-25,2025-03-07,Comprehensive,Approved,1833.45
CLM-0000971,10000237,2025-06-07,2025-06-18,Collision,Approved,6820.75
CLM-0000972,10000048,2024-10-15,2024-10-27,Comprehensive,Approved,1747.12
CLM-0000973,10000384,2024-09-09,2024-09-19,Collision,Approved,6500.5
CLM-0000974,10000449,2024-09-22,2024-09-29,Collision,Approved,4236.8
CLM-0000975,10000997,2024-10-06,2024-10-09,Collision,Approved,7798.69
CLM-0000976,10000624,2024-08-07,2024-08-08,Comprehensive,Approved,2135.22
CLM-0000977,10000093,2025-11-28,2025-12-07,Collision,Approved,6493.15
CLM-0000978,10000110,2025-02-27,2025-03-04,Comprehensive,Approved,1121.92
CLM-0000979,10000467,2025-07-17,2025-07-27,Comprehensive,Approved,1481.17
CLM-0000980,10000935,2025-01-03,2025-01-06,Collision,Approved,5419.09
CLM-0000981,10000422,2024-06-06,2024-06-07,Comprehensive,Approved,1025.7
CLM-0000982,10000035,2024-12-11,2024-12-15,Comprehensive,Approved,1133.09
CLM-0000983,10000950,2025-01-24,2025-01-30,Comprehensive,Approved,1248.91
CLM-0000984,10000231,2025-07-31,2025-08-02,Comprehensive,Approved,1465.85
CLM-0000985,10000584,2025-06-13,2025-06-24,Collision,Approved,5813.69
CLM-0000986,10000352,2024-12-27,2025-01-04,Comprehensive,Pending,2304.58
CLM-0000987,10000792,2025-11-30,2025-12-14,Comprehensive,Approved,1196.98
CLM-0000988,10000989,2025-01-07,2025-01-20,Collision,Approved,4550.41
CLM-0000989,10000105,2025-10-07,2025-10-21,Comprehensive,Approved,2496.24
CLM-0000990,10000447,2024-11-07,2024-11-09,Comprehensive,Approved,1019.48
CLM-0000991,10000325,2024-06-09,2024-06-17,Comprehensive,Approved,2419.62
CLM-0000992,10000904,2025-11-16,2025-11-30,Collision,Approved,4191.23
CLM-0000993,10000803,2024-08-31,2024-09-05,Comprehensive,Approved,1875.05
CLM-0000994,10000312,2024-07-08,2024-07-20,Collision,Approved,7512.19
CLM-0000995,10000052,2025-06-16,2025-06-20,Collision,Pending,5783.68
CLM-0000996,10000557,2024-10-14,2024-10-23,Comprehensive,Approved,2288.86
CLM-0000997,10000033,2024-11-30,2024-12-08,Comprehensive,Approved,1877.09
CLM-0000998,10000286,2025-05-16,2025-05-19,Comprehensive,Approved,1403.53
CLM-0000999,10000452,2025-06-01,2025-06-04,Collision,Approved,6469.83
CLM-0001000,10000677,2025-05-22,2025-06-03,Comprehensive,Approved,1423.08
