trip_id,policy_id,trip_date,distance_miles,hard_braking_events,rapid_acceleration_events
9a1fbbab-d8a5-4d20-ac65-b3523aaf00f8,10000337,2025-04-17,80.2,0,1
22d3f461-b405-437e-9e17-f9cdc9c663af,10000637,2025-02-03,70.0,4,4
4345e1c9-cdfe-44e9-9b8f-6f9882e401a3,10000354,2024-11-05,31.2,5,8
1ddafcef-78fe-4635-abb4-836de76e3154,10000176,2024-10-14,82.9,2,0
3018a0c3-a90b-4515-b746-92dc2dbaa2d0,10000504,2025-04-02,2.1,2,0
455a6e16-19d1-4466-a15c-883936ab9580,10000950,2024-09-11,11.9,6,7
46ce25e7-8d89-4bfc-9e7f-40fb57c86f82,10000287,2025-04-13,92.2,2,2
f2378bb5-6951-4917-8801-f3296a4031f9,10000298,2025-03-08,77.3,0,2
aaf2e6f8-5ecc-4c3c-842a-9fba37ab861b,10000154,2025-01-05,48.7,0,1
083bea87-b3eb-4995-af75-32c918ea996f,10000665,2024-09-24,83.1,2,0
d8e09298-ada2-4304-8df1-64a1e22c67a2,10000400,2024-10-07,93.9,8,7
829d96b7-c492-46d9-b160-77b24821ffaf,10000981,2025-10-27,81.7,1,0
05759773-049d-40b1-b628-b8101a07ae09,10000739,2025-10-17,79.7,8,4
8fadbf61-c7da-46de-a308-9474d85e4667,10000717,2025-07-07,89.7,1,0
a54a13d0-0c9d-404e-aabe-855d541b4f3e,10000470,2025-02-16,19.7,2,1
aa83bd42-0415-408e-89d5-385f94d9f748,10000579,2024-09-25,49.8,1,1
1dadab80-aba9-4e99-acc5-358468d29551,10000557,2025-02-26,38.6,0,2
e6e5e148-1672-4483-a5e0-bb931fcb437b,10000151,2025-04-17,76.0,2,1
3c390e8c-adac-408a-a91e-c504ab32cc69,10000717,2025-02-08,95.5,1,2
ec632193-d1b4-4747-bda7-03820d1d5ce5,10000183,2024-04-05,87.3,2,0
01b46d99-c159-4874-8b25-2e4fb082c27d,10000955,2025-05-18,79.8,1,2
1e30c85f-0ffe-4448-863c-37f699c2108e,10000368,2024-03-30,14.3,2,2
b23fa0d1-c06d-4a2a-a9a1-0f88409ac17f,10000186,2024-10-13,68.5,1,1
bda23d5a-8846-433f-8197-76ccd928b90f,10000875,2025-01-15,65.2,2,1
4c9942b4-01e2-4180-9a5e-138a343b87ba,10000394,2024-12-07,48.7,0,2
07d513a6-b57a-47cf-811d-6c0918b69565,10000693,2024-08-20,27.0,2,2
12501810-7999-49c3-8072-2e990f0a9ca9,10000878,2024-08-05,25.1,2,0
502450f2-af81-45e7-9f7a-9dd931253dc8,10000506,2025-08-07,44.9,4,7
c2761d15-6656-4d62-9484-319ae124c890,10000583,2025-04-21,59.2,2,2
22f10e58-d4e7-4ce8-be2e-1bd7d1c35990,10000248,2024-06-18,6.8,0,0
0d81deff-85bc-407b-b1a1-2a1b21277c7b,10000230,2024-11-21,65.1,1,0
a53ee788-6e37-4ca9-a2f8-53ce6764672b,10000175,2024-02-26,59.3,0,2
d0f2517d-ea56-4fca-843b-f869d0442e3c,10000607,2024-11-02,37.5,1,1
82fc902f-04e5-45ab-93c7-28c0f47e246a,10000701,2024-08-11,80.6,5,3
02b36869-a6f0-42bd-a766-bbc0bf2ed6ce,10000820,2024-07-15,15.6,0,2
4588e2a9-2bed-46b3-9094-ed478b9776a7,10000666,2025-06-24,7.7,0,2
c693b81c-7801-4f77-862f-2eb32783169a,10000315,2024-09-07,91.1,1,2
75cca1b8-5441-4006-987d-b938fecb5cba,10000558,2024-12-22,24.5,1,0
c6b61d3c-1697-48b0-b5ab-d6f053d81a52,10000310,2024-12-26,35.6,2,1
c8900433-9442-4173-bbda-4d902fa93802,10000828,2024-08-23,28.1,1,1
5c471ff0-aa38-44dc-9e18-b5f0b2fd98a0,10000123,2024-07-21,72.9,2,2
7a00c909-faf3-4120-9ef2-af1b9035ff21,10000033,2024-08-25,44.7,0,2
ddd5ef2f-0fc1-4716-8c60-7f96cf90e76c,10000542,2024-11-15,93.7,5,8
27a497a4-f66d-4445-bb95-5b24440b2467,10000037,2024-10-21,82.6,0,1
da9ec0c6-c881-4d1c-917d-c7f9685435d3,10000505,2024-10-22,75.9,1,2
5ad25f8d-f4a7-42c6-ad44-574fd07fb586,10000940,2024-09-28,75.6,2,0
b9e8d203-6b16-44aa-9468-42739165fff9,10000065,2025-09-12,30.7,0,2
29011ec2-f3b2-41a1-81e7-ed43fe048810,10000270,2024-11-02,74.7,1,0
4fb82327-5470-4232-a5c6-008b532940de,10000025,2025-03-13,7.5,0,2
91bcd17f-4a47-49f9-8491-b318825c8c9a,10000474,2025-04-11,73.6,2,1
557053c3-d9de-4d34-95b6-2f49eead4274,10000130,2024-11-11,71.5,0,2
04db1aa0-4397-4aca-9607-c60bbcc97a00,10000721,2024-04-01,73.3,1,0
6c2ab837-b959-44e8-a9fc-efb2bdd92a05,10000917,2025-04-30,72.3,1,1
c33811ed-736f-4d4c-95f1-72e28c232e78,10000035,2024-06-12,54.1,5,7
60213e10-b34f-4029-9753-e770b35216b9,10000888,2024-10-29,78.4,1,2
073790db-f98f-4fdf-9e4e-a9625bda8189,10000387,2025-08-04,24.5,1,0
3ab76a84-c2e3-493b-9920-5ea19e499650,10000239,2025-08-11,56.9,0,1
c7e956b0-5e69-4eb7-b47c-960b04611d37,10000567,2025-06-24,29.1,1,0
597d40b9-dd7b-4afc-87c4-238b05ed6af2,10000894,2025-09-26,57.6,5,3
36c0aaaa-0c5c-4619-ad9c-4622e6e88a29,10000390,2025-03-02,63.4,2,2
bd7c5732-8b03-40e2-8cc9-4fa92194757f,10000808,2025-01-12,32.0,2,2
b9e8cca7-6814-45d5-942f-413a46297ba8,10000667,2024-12-10,75.1,1,2
45b01f06-5295-4a34-bf22-ffa078aa56e7,10000965,2025-04-08,36.1,3,7
c1ce2931-6a1b-4438-b37e-b3d142aab043,10000766,2025-08-07,28.0,0,0
abb5f9f1-25c0-4cb1-ad9e-d4b7baf8baf3,10000176,2024-12-04,51.1,1,0
9aae29bf-5527-4a7e-8c0d-5289fdcda433,10000028,2024-12-30,25.7,2,2
60d5370c-75dc-4967-8e1c-4a56ff07cf55,10000161,2024-09-29,55.2,1,0
1b1d2064-b058-419e-8f58-acea4c8e77b6,10001000,2025-09-10,69.6,1,1
d889b17e-1197-4efc-8dda-216a4e56bf62,10000152,2024-09-27,81.8,1,2
3e4ee6a5-8921-4c6d-ad95-2b36f42fc940,10000021,2025-04-25,93.6,1,1
ceb980ad-f5ce-4887-9acd-efaa4e2731a8,10000953,2024-12-12,29.5,1,2
c92927f4-acaa-4427-aac6-df7bc43b6012,10000082,2025-03-04,85.6,2,2
cedb0244-589c-44dd-afd9-2568275c9ea4,10000738,2025-03-18,85.6,3,8
b6b35022-f655-47ec-98eb-dfd610f656a9,10000387,2025-03-30,70.6,0,2
9f0a4836-3e02-420b-b9ab-56af11fc71e9,10000845,2025-04-07,7.3,0,1
613e31f8-772b-45c9-84a7-80a38f8ba16e,10000944,2024-12-16,66.5,1,0
f6894292-2238-4918-a54f-e46369d40a9e,10000621,2024-04-20,81.1,1,2
166d0ad0-c0b5-42c7-b2d5-1abb23935c46,10000239,2024-12-15,51.8,2,2
61fc7fdb-b56e-4d8d-86b6-7e67cee01361,10000229,2025-06-01,75.8,0,0
3f9f676a-49b8-4dc0-9f7e-320c22409196,10000379,2025-07-17,45.7,8,6
bbc0a98e-0bed-4419-ac5e-7783e66406cf,10000766,2025-09-14,42.3,1,0
15524d4e-f39f-4a37-81b7-657cb7cb5cc1,10000830,2025-07-01,37.8,1,2
97a157b0-42c5-42ae-aa8b-172478a1b505,10000421,2024-06-06,3.5,7,5
8046bb01-1adf-436b-8f7c-c91077f15c70,10000928,2024-08-29,89.9,2,1
be4010c1-f05a-47d1-a21f-9faec19c8554,10000791,2025-03-05,85.8,2,1
4d336c75-5099-48a7-b4cc-b2efa8ec24ef,10000430,2025-02-28,91.3,2,2
47d2c02a-7ffa-42d8-a7bc-a8f90bc680bc,10000658,2025-02-22,50.9,1,0
20d2899e-e90e-4281-bc1a-76b53be4b97a,10000821,2024-04-25,84.5,2,0
673d7118-16bd-4347-8646-6ca76cc866f4,10000257,2025-08-05,91.3,0,1
a2cac896-ce05-4ceb-a7a6-005f6ff27030,10000027,2024-08-16,77.5,1,1
0a08ca60-fa42-4b3b-9ed8-f182fdf88751,10000088,2025-04-25,69.3,0,0
0f95bf5e-784e-4bda-8707-ba797e865b23,10000150,2024-12-25,87.9,1,2
d25c653a-5152-49b0-9c36-c8e0ea6c5c70,10000895,2025-03-21,97.5,0,0
3538d5ce-902b-4da6-9ec2-531abc9d7bf3,10000384,2024-02-20,12.3,0,1
aa3a79b6-44ec-42d7-8296-6cd160e53087,10000462,2025-06-12,90.3,2,1
2b983fdc-9985-4ad5-8906-edcbd341d429,10000851,2025-09-22,56.4,1,0
427a064f-6faf-4f50-9a03-eac8b5495cdb,10000978,2024-06-09,39.4,8,7
46a07747-d3e7-4e49-b5b3-6320e98bb3ff,10000207,2025-04-12,46.5,2,0
4315ea5f-d054-4248-a932-1663c6461db0,10000658,2025-04-02,53.2,2,1
032db12e-1221-43c5-9a4f-283e4d361dc4,10000294,2024-10-11,23.5,0,2
e4557332-0720-4103-ad9a-7285f164d2b1,10000263,2024-12-15,73.4,0,2
557f89b8-de41-449f-829e-d44a8eb1a838,10000433,2025-03-11,30.4,0,1
a0d130cc-a8a3-483b-8673-b38edc9d500a,10000346,2025-09-23,67.3,6,6
08d86204-9007-498c-81a6-f56f02edd6da,10000322,2025-11-08,41.8,1,0
9aaf76a5-8dd2-408e-add9-3d54fc1918d2,10000087,2024-05-31,19.7,2,1
62289f93-de39-4f9b-aba5-eed4af0488b9,10000140,2025-06-25,76.7,2,1
a10c9da4-e3a9-470c-a130-7e750902daba,10000558,2025-08-30,29.1,2,2
4a962493-005d-4c99-a89f-48e9d4514070,10000722,2024-10-14,15.8,1,2
be0fc969-fd74-4bf0-88da-a7645d22c07c,10000252,2024-10-29,25.8,2,0
a28de261-e54b-402d-9ee5-f2fb83f66ba3,10000702,2025-05-18,2.6,2,1
02a56a48-3d13-455e-858f-0ff26d62710a,10000889,2024-07-17,4.6,2,1
dd10b983-fff9-4a8a-a710-781e5f31d96c,10000766,2025-05-19,20.5,1,1
8911743d-dd79-4ec2-83ec-016bb680e885,10000828,2024-06-03,88.0,2,1
9bdec8cb-488c-4d0f-8fef-8325e71a6496,10000746,2025-05-16,60.5,0,0
f7ddde62-48bc-423c-8fae-21ddecaf8008,10000814,2024-06-16,70.0,1,0
080ff0d7-897b-4517-b38a-e26fc6a3c40f,10000387,2025-01-19,97.6,1,0
8c0818d6-d2da-413e-8167-c51dbf5c5c2e,10000499,2025-01-12,72.5,1,0
d2ba37a8-ca12-4568-8de6-f9022eb9de8c,10000236,2025-06-18,41.5,0,1
c0bdf8e5-b0d0-4126-afb3-c923028b5a8a,10000589,2024-09-05,61.8,0,0
3325c338-0acd-4cc3-8a20-1cd10a7848ee,10000712,2024-12-02,21.8,0,2
50036af6-f2a7-4442-97a2-63be4cb91249,10000139,2024-12-19,28.2,2,1
42051657-b64e-4ecc-bfd1-88d5bcf6a194,10000060,2024-04-29,93.0,6,4
bff98304-3eda-481e-8d12-e1390d0a29b8,10000873,2024-10-18,14.8,0,1
2b56c46e-643d-4c26-ab48-be34b1f65482,10000489,2024-05-23,75.2,0,1
88ed477f-13e1-46ee-9972-97be62ae23e4,10000629,2024-10-02,32.6,0,2
59bb2582-ac9d-4ba5-a857-ee34d9dfa774,10000955,2025-02-21,46.6,0,0
2066554a-5fab-4510-a33e-2fda95c7dd44,10000879,2025-07-21,89.9,0,1
39f6ae7d-1f40-40d9-a637-bc2d2b02a069,10000276,2025-05-13,52.6,1,0
025907c9-3068-498f-9fab-fcd2faf21d98,10000225,2025-03-24,58.7,2,2
415ad587-cfe9-4db4-952c-0d6750384577,10000983,2024-12-15,44.4,1,1
5eb66a5a-c671-483f-b463-c3ea6caab773,10000300,2024-10-17,69.6,2,0
600722ad-d522-4f6c-bf04-9378c7fa0637,10000799,2024-11-28,48.5,1,2
643ec630-1a7d-42c8-9ba9-f9650e826e51,10000624,2024-04-22,72.6,0,0
a904fb09-54c3-44b3-99a1-df4e9225f135,10000138,2024-12-21,65.9,7,5
e64130f2-20f7-4c11-a9e3-31255351d2f2,10000823,2024-11-10,84.8,5,3
32441c7a-d936-461f-83d1-c8685a5b134f,10000448,2024-12-14,75.0,2,0
ea5b924c-2d5a-4786-a808-f1f76fd391e7,10000089,2025-08-29,97.0,1,1
4588b566-b1d4-41e5-99af-9ebc69210b25,10000723,2024-10-31,29.6,1,0
742b6290-8e0a-4a67-bac0-0aa8f975a73d,10000886,2025-08-03,71.0,1,2
84acf30a-d4c6-439c-9a15-61f1c9feee7e,10000740,2025-07-23,27.5,7,5
f01054a8-0450-4563-8c0f-9e3d75452b42,10000338,2025-04-05,41.8,1,2
61467729-7122-4e06-a1b2-d2ea405f9aea,10000999,2024-08-09,26.1,2,1
d67c6610-36f3-4e5e-9a0e-8dfa5ee0a8ca,10000169,2024-12-12,75.6,2,1
827a1cc1-ac0a-4322-a3db-ef39fd6a203e,10000516,2024-06-29,62.6,3,4
f190d19f-85c4-4ab7-a087-4aa9372ef972,10000965,2025-01-15,86.8,6,8
03cc0855-b23f-4b66-b338-166d1a8bb94b,10000225,2024-09-16,68.8,1,0
eb6ee5aa-9be7-46b9-9e4d-6476f35867b8,10000150,2025-03-27,73.2,2,0
6b440293-d37f-4114-a8fa-2ebf9888dd17,10000692,2024-12-28,71.6,0,0
6238a8a8-1747-44e5-b5b2-e0b91fad2b7e,10000198,2025-03-13,4.5,0,1
0b071fc7-c838-4957-99d5-c9f4c65f6e68,10000793,2024-06-11,4.6,0,2
2c657957-2c66-4772-be98-cacfd3a10ccf,10000060,2024-06-21,74.6,8,8
f140a31c-79f5-4c48-9cf4-1ac904cac059,10000615,2025-08-12,97.3,2,2
51fd6d0b-9666-437c-bea9-1552d43de23a,10000163,2024-12-30,73.4,3,6
cbb68531-8010-4a3a-8b31-2d23897a3b15,10000561,2025-03-25,37.7,2,2
7596e0be-5649-46e2-a0be-47d4c3d95847,10000054,2024-03-26,63.2,8,5
793e25db-812f-426d-9b8f-0792453e5176,10000969,2024-10-29,96.6,0,2
6ce5e61d-b3fd-4c5f-aa66-22316d403da7,10000775,2025-01-11,59.2,2,0
f4248b39-d2a0-4a76-9edb-6bfb0dafb2fc,10000990,2024-03-14,20.3,1,2
6c87e596-58e0-4245-ad2c-bbb4210556b4,10000808,2024-12-06,89.7,1,2
e6211365-cc63-4b72-a5d9-eed00efd930d,10000501,2025-07-05,4.7,0,1
0a15433b-80f8-4fed-9cb9-87d84a7bcfe9,10000459,2025-02-23,43.7,1,1
9c104bfe-1a7c-4f71-a911-e982134b0bea,10000306,2024-11-23,60.5,6,6
405e4f32-da2c-4f06-acbe-810582b06a3f,10000431,2025-06-12,77.8,1,1
caf15ba1-b2bc-45d7-a88b-ab490d0eef39,10000701,2025-05-12,27.6,7,8
b2a030aa-7363-44af-8eb8-c654421da2ba,10000411,2025-08-30,70.4,2,1
0843dd92-32d5-4f7a-89c2-349d98a22e88,10000333,2025-01-18,84.8,8,7
05fecfe8-8825-41ed-a3d4-0125cc97fcea,10000366,2025-12-11,40.1,0,1
d99b9f9c-d749-4579-9092-b7446af8238c,10000707,2025-01-25,18.4,7,6
4dfa6035-0af0-42eb-8f98-0d0da1ecdd42,10000736,2025-04-11,38.5,5,8
3d942eec-cd13-472d-8b68-b9e86271a42c,10000955,2024-12-08,58.1,0,2
8a3de1e3-a193-431b-a185-cddf284c1c34,10000651,2025-01-19,85.0,0,2
fe100e43-9f75-4bbb-ade8-2c044cb67697,10000012,2024-04-15,57.5,3,6
3987aadd-955a-442d-a6b6-4d45a03f4887,10000466,2025-05-13,16.3,0,1
7436f5ef-7e66-4f7b-be3f-d100a2e1f2c2,10000521,2024-06-23,74.7,0,2
69e825b6-9c3d-46b3-84a9-d2c4556fecee,10000315,2025-01-03,49.0,0,2
3805896d-3a9b-475e-962c-1ed7e5c06f8a,10000406,2025-01-18,65.6,0,1
6ded4898-59ef-423d-8955-726f707527a5,10000944,2024-06-11,88.3,0,1
b1c0267b-d2a2-45fa-a6fc-265c8335746f,10000656,2024-11-07,96.1,0,0
d65d9e27-44dd-4d91-8be6-b0d99ac3a3b3,10000325,2024-02-17,46.3,3,8
09d67434-08a5-429c-9634-c8368f5583a6,10000793,2024-11-07,100.0,2,1
56512500-4612-47a8-9f0c-684e6e95a75d,10000533,2024-09-23,1.3,1,1
824480f1-5936-4964-807e-b73dba59a02d,10000653,2025-10-14,18.1,2,0
dfbb7b32-fa53-4843-9cf5-4d382ec3dcdb,10000900,2025-10-05,38.9,7,3
afbf9284-e78d-4092-b859-222b455a2da9,10000713,2025-10-29,37.6,1,2
fa0345be-10a7-491f-be68-51fb2ff55779,10000726,2024-10-25,41.9,2,0
0c92a08a-df59-4180-873d-60950ac24829,10000495,2024-10-11,45.0,0,0
a1719b2f-3cb4-4749-a1d4-c76bf7435f40,10000405,2024-06-25,18.1,0,1
d1703f66-653c-4138-a54a-2ed2cfbf0012,10000675,2024-12-15,74.2,0,0
c2a731c4-e7cd-44d4-8015-ba82407320bb,10000797,2025-09-09,61.1,3,8
77887ee1-1588-4a20-8118-209e5347d4bd,10000218,2025-04-01,65.8,2,0
fbadd95c-ff87-4568-abf1-0540794e5717,10000486,2025-07-28,57.9,1,0
f531d4a7-0d21-41be-b51a-af2589a419a5,10000600,2025-09-19,39.6,3,5
2a7aeb75-1a0e-4ddc-9e8f-f351d0a7a5fe,10000430,2025-03-18,67.4,0,2
aab8c487-6879-4c63-903f-b4eb4aa300a4,10000318,2025-07-29,50.3,1,2
9fbf4960-4078-467e-a8fb-c28d59de8969,10000992,2024-07-06,7.1,7,8
aef157c8-3863-4a30-80cb-dd4e7feb592b,10000894,2024-12-16,58.9,3,6
ad85b5df-a6ef-4dd8-bb99-26adecec37be,10000179,2024-11-12,30.4,1,2
366f7f39-ce8d-4a6a-95d7-0d01e8a1f919,10000908,2024-12-29,39.7,3,7
83a8fee8-9587-4876-95ed-03afaa7c357a,10000945,2025-07-18,46.7,1,0
3b2e676a-cdfe-44dc-8573-7f3b3638bd14,10000734,2025-08-03,96.0,0,2
5c122836-04ce-408d-a6ce-68ddd9e50826,10000488,2024-10-05,81.9,2,1
bef8d043-a156-4c35-bf5a-f210a1c08fee,10000581,2025-08-26,57.1,1,2
8a5d2de2-acb8-411e-8b91-0bef16d6f307,10000473,2024-11-18,22.2,0,1
94203071-7c1c-4d2b-bdf5-4372122b0255,10000266,2024-06-22,69.5,0,1
4d5de9e8-4960-47ae-9777-ae80e7f68bc7,10000996,2025-02-07,80.3,2,1
814d40cc-46cd-46a5-bc24-48de74680c54,10000433,2025-05-12,17.9,1,0
c7724ae7-168c-43a0-aa46-ae460da998e2,10000739,2025-09-05,33.6,8,3
65f9ed48-517b-4319-8215-c58a835adff3,10000155,2025-12-18,40.5,2,0
58525ce9-7170-425c-8b86-116c0594ddf3,10000622,2025-05-15,79.6,2,1
efa628b3-d128-44d8-b71a-78bdabb08734,10000030,2024-11-24,98.0,1,1
0e082c76-d8cc-419b-8197-41ca6c07f93f,10000838,2025-08-11,38.7,2,0
02f928b4-8b74-4841-98f7-9155a48bd14f,10000202,2025-05-05,18.5,2,2
ff7bf731-05df-4915-b41c-eb19583587c6,10000482,2024-11-02,58.8,2,0
b7571d14-93ba-497e-be26-45bfbb4169ed,10000700,2025-05-06,57.7,1,0
9ef22f40-9795-43ea-bfd6-c6f7162603a6,10000836,2024-05-25,93.0,1,1
d36caceb-48b3-40d1-bfa9-9c192116a6e7,10000720,2025-07-31,46.1,2,0
cdb98d4c-71b6-4a0d-88ed-783afd84b5de,10000924,2024-05-03,12.0,8,5
efe29108-c220-418d-bb19-cc4a3cd0d468,10000040,2025-07-09,63.0,0,2
a8a7393d-44d5-4abe-b344-c29f1904c313,10000245,2025-06-22,92.5,1,1
d21fec9b-fad6-4b7a-9f5b-c0d9193fd8b8,10000268,2025-02-08,9.2,0,2
60adb7d6-8d1e-42e2-a338-a4cd1a4dde09,10000953,2024-12-03,87.6,2,2
cc52cd9c-14bd-462d-b929-48d0e60983dc,10000347,2024-05-30,22.4,0,2
deac6704-71e6-41c8-a27a-d8ac8b0ddcf7,10000930,2025-04-13,73.8,0,1
c6afe93a-7f73-448a-881a-3019b84f0134,10000240,2024-12-11,97.8,8,6
7a0c8124-49bf-4893-850d-e947ee50f420,10000420,2024-08-16,84.9,1,1
7c4964ee-79f8-4bfe-82a7-f452289eba4b,10000340,2024-06-12,86.7,0,1
f5acd924-6ce3-4b71-9347-c2373fe56a11,10000179,2024-07-30,65.0,2,2
99f07120-fc18-4098-8f32-bf793fe976af,10000579,2025-02-01,77.8,1,2
09c15290-14c8-41bd-a54b-b647600e47b3,10000047,2025-05-13,43.8,0,0
7b09f3c7-4fa2-4c64-8f90-ae00b6526b95,10000144,2025-01-23,83.4,6,4
cf56cc62-e558-4ed0-9921-aadcab0ae05b,10000613,2024-09-13,22.3,0,0
d697dbf0-f84c-4a76-a7f5-c0a8256d0024,10000694,2024-06-08,60.4,1,1
7cdda1d3-2243-40c8-a36c-ed85a06b0ce7,10000010,2025-01-02,77.8,8,5
edc16c7a-0741-4675-bd9a-c786d447248e,10000570,2025-03-30,58.1,2,2
8065efaa-db65-4ad7-ace9-8bbec4fecd07,10000138,2024-09-15,81.3,8,3
2e8e0a7b-4014-4418-bc84-3297eaf6b048,10000430,2024-05-15,5.1,2,2
9fc7ce9b-5d1d-4cfe-a754-e53283f1e5c4,10000481,2025-03-15,37.3,4,6
e3012784-58ad-4063-8029-d756b9005293,10000947,2025-01-18,70.8,2,1
0b24e76f-acd1-4231-b072-2e6874d67161,10000044,2024-11-25,28.4,2,1
72a42d10-758e-4de5-8629-a46ee26b0feb,10000263,2024-06-12,37.5,1,1
7fbdf601-c183-4bcc-8ad7-10f1776da3fc,10000088,2024-09-05,90.0,2,1
0f940799-181b-4fba-bf12-839d588c7e73,10000888,2025-02-02,66.3,2,2
d7940f81-ee52-4c3f-9dec-62b08cb4c54f,10000163,2024-12-30,36.4,3,5
e935537c-8a7b-4bc1-9d2a-7e4c346f7911,10000197,2025-03-10,76.0,1,2
0313f3e3-cb35-47e3-9116-408aa1f500f0,10000875,2024-09-30,46.4,0,2
e2f4ea52-aa46-443b-ba5a-3e69c1806a52,10000764,2025-01-17,24.8,0,1
5fb0fd29-e5bb-48f6-a8c2-c7465c5f8eff,10000152,2024-12-21,7.1,2,0
a6440414-806c-4c3e-ab67-8d3d285e0010,10000993,2025-01-09,14.3,0,2
2c5a848e-2c09-45c9-bb6e-5f4599f6b25f,10000824,2025-06-12,19.0,1,0
c8815114-f17b-46cf-a6d4-114d485284f5,10000649,2024-11-10,40.6,0,0
28b14362-740b-4b08-8f7a-3eb8ee051b21,10000573,2024-12-11,76.4,0,1
6ad398bd-824e-4a0e-9b51-4ff68b15a289,10000799,2025-04-14,64.0,1,0
77d81c96-6776-4800-9d2c-02d817951ec6,10000428,2025-09-15,5.9,1,0
b357eb65-b086-4851-adc0-869c47fed974,10000327,2025-04-09,96.0,8,8
df4f6741-5886-4ab9-872d-ed3671b75c57,10000697,2025-08-22,95.8,0,0
753064a1-0499-42ab-a4d3-1e0f0352653c,10000708,2024-06-10,95.3,1,1
15930179-b555-4244-8e6d-38f63743da31,10000882,2025-07-09,80.3,2,1
0b6b8526-7763-4f06-9a73-d2dc65ba0bf6,10000475,2025-06-02,56.4,2,2
5c69fb24-9106-451f-93c6-2a3d89d5d8a7,10000810,2024-09-22,27.5,0,2
1bc25494-000a-457b-bad9-cf05f6f454a2,10000181,2025-08-17,47.3,7,6
68cabe0d-7227-4672-b48e-a10e4dc52d3e,10000974,2024-09-22,23.9,2,0
647b4e1f-4d8d-4aee-bf27-c5976b0d584d,10000213,2025-07-29,42.3,5,3
4ca72426-5f60-45fb-8ed3-fbd4eb535b96,10000363,2024-06-01,36.5,2,1
25fb83ad-f293-4781-8fd6-1e16ea2c1c47,10000100,2024-10-26,58.3,2,0
ed89080a-4af6-42a9-9855-f554e61f6a62,10000819,2025-03-05,80.5,2,0
1912b0ee-12df-4a2c-8471-cf61ffe7e073,10000524,2025-02-28,41.7,1,0
d8de7e7b-1c6e-47d2-aeff-46cd4cc0f370,10000658,2024-09-02,57.8,2,1
9d6c0add-aeee-40a8-a9ac-4db1df840022,10000313,2025-03-21,16.1,0,2
d6558683-c0a1-475a-a865-e20ca3de246c,10000150,2025-02-22,26.8,0,1
4e73bb86-fb36-4271-8602-3ed4726cb5f0,10000447,2025-06-28,3.8,6,4
5503f92a-2673-498a-91ec-cd5ee2822e7b,10000579,2025-05-18,44.8,0,2
d13a7c0f-3477-4c3f-81d4-a68b8a6c478b,10000789,2025-06-06,33.0,6,3
dd85d68f-3558-47fe-9e5e-f6c90095e065,10000661,2024-06-22,30.6,0,1
579587a6-77c1-4f24-9f7b-3786cb5b15b2,10000945,2025-04-27,67.9,0,1
387c61b9-612a-4046-a5a2-d8c1434ec562,10000236,2025-04-19,25.9,0,2
4d993598-7406-4b70-aa45-ebb920a042e0,10000789,2025-04-16,77.8,7,3
386a4a95-a776-4c81-88ce-329a61c5f8fe,10000401,2025-03-16,34.1,1,0
f000079a-8ae0-46b6-bc8c-6c86fd17b0cd,10000629,2024-10-27,95.7,2,0
02093e37-4553-470d-8fbc-1af7fc88975b,10000276,2024-10-10,66.9,0,2
b6560156-4993-45d3-8190-bb1b6e8444b9,10000817,2024-10-21,10.2,2,0
52353c1d-f867-4378-8193-6a6eac29060d,10000790,2024-08-28,28.9,7,8
17a7cfb1-437a-4b13-ba71-6599e45c8a2c,10000715,2024-07-14,53.4,2,0
85bed3d1-ba76-4b41-9ff0-e2c2fc086e90,10000655,2024-07-23,25.8,1,2
9c617085-f703-4175-bdcd-53c855070d48,10000662,2025-04-08,43.2,1,0
8547a2c0-5871-40b1-a91d-f862a0b98b1d,10000195,2024-10-17,32.8,0,2
971c50aa-934a-4180-b1bb-39e989152f78,10000862,2025-02-15,91.3,1,0
6350bc33-896d-47b1-919c-50e5f0e0663e,10000013,2024-03-26,82.8,3,8
1c8c4cd4-55bf-42c8-b2b4-62908e3d5e5b,10000379,2025-02-22,37.0,7,7
122d264a-95e1-4121-a51b-1c4df29c8373,10000916,2024-10-06,99.6,8,5
c6ce9302-81f3-4c34-9abc-a24460d85d04,10000671,2024-09-22,57.7,0,2
9f7f16a5-9624-4e3f-a37f-08120c639ce2,10000655,2025-03-10,60.6,0,0
a81ae7ec-d066-4224-a0e5-75dd93162dc1,10000076,2025-01-03,88.0,0,1
27beeee8-a1c3-4168-87c9-e44bc4bdca84,10000225,2025-03-11,69.3,1,0
a0537b95-072e-4846-a139-c3db23bd12be,10000930,2024-10-11,10.9,0,0
bf683bb2-eb14-4876-ac95-489345ab9a70,10000044,2024-08-25,41.6,0,1
a1683189-22ba-451c-b521-7c9357573565,10000683,2024-10-10,15.8,2,2
9bda6399-eccf-43ee-ae99-49cb9cef58b2,10000728,2025-01-27,19.6,0,1
9c9f934b-d9db-422c-b6e6-cb8e7006783a,10000609,2025-03-28,25.3,2,1
f055d9ef-8897-40c2-9cf4-6702f79fef65,10000010,2024-07-19,75.4,4,8
fa913035-ea94-4d2e-b78e-18b591830516,10000931,2025-05-02,53.6,7,5
8cfc4303-74f6-4dad-88f0-8390870c9b4a,10000474,2024-08-30,38.5,0,0
e142d2f4-c9e7-4d98-8086-445a8092e433,10000229,2024-10-23,70.4,1,0
b110c7a7-a1f4-4536-822b-5ce285cb7a30,10000644,2024-11-29,57.9,7,8
9510c425-a59a-4789-ab0a-7af3be4f06e3,10000683,2024-12-24,65.5,0,2
4a59d68d-6482-4e8a-ba96-4355477e3f3c,10000057,2025-01-30,67.8,2,1
f3a04aed-14f5-4c9f-bf33-36608ea261f3,10000406,2025-05-28,26.7,2,1
b48291cc-ff92-4668-81b8-3d5cba4001a2,10000890,2025-03-04,49.4,2,1
1a6b3170-d057-4bab-b4cd-31a70e087e6c,10000894,2024-12-28,5.9,5,8
81733da7-92dd-47b4-bddf-585db47b8cc8,10000380,2025-07-09,42.5,2,2
fb84c4d3-1e14-4388-ad7c-18e454ba2699,10000265,2024-06-10,30.2,1,2
0d2cf5d7-1f34-4024-bdba-330a8ee87aa8,10000065,2025-05-06,15.3,2,0
c07df884-7c36-4060-8365-07fd0e86a4f2,10000928,2024-10-14,45.1,2,2
3406329b-554e-4241-8d5c-feb20a5cd571,10000228,2025-03-23,37.8,2,1
ba54ef3c-90a4-4561-a2bd-1316f8ae248a,10000265,2024-08-15,25.8,1,1
7fcf01b7-7f1e-46c9-a053-d637a53d6e7d,10000918,2024-12-27,82.5,2,2
37d45420-5197-4330-891c-9a383d77e902,10000063,2024-11-30,1.8,2,2
b9543164-361c-4454-8df3-a683b0ebf590,10000758,2025-07-20,49.1,1,0
240741da-3c8d-4855-a944-ab523b009afe,10000428,2025-07-11,12.4,1,1
f01bc19d-63e5-4d88-93fa-4ed4ea22c6f6,10000974,2024-04-14,92.5,1,0
664a9fa1-8bb5-4739-aff9-bbdd2edc6f62,10000738,2024-04-04,60.9,6,6
7156e78e-dc46-4cce-ac75-bb0a82d7060e,10000655,2024-11-03,80.1,2,1
6b3c98c1-808e-4fa3-ba66-1ff359980c83,10000527,2024-04-24,98.3,0,2
835497cd-f0c8-495a-9344-705cdfcfcfca,10000373,2024-10-26,78.1,0,2
c81515d6-1280-4d59-9ffd-0a8e5b2b7c76,10000737,2025-07-05,70.8,3,7
5776e9b1-842e-4a09-8b8b-f0ff1a01ada8,10000765,2025-04-10,26.5,1,1
a030f432-da06-471d-a13b-3b957b6bb426,10000070,2024-12-29,40.1,2,0
a88e6ca9-ad52-4694-8716-9baba9fc881d,10000576,2024-06-25,78.5,2,0
0e96bf73-be45-4af6-910b-28b02c1e582c,10000058,2024-04-18,35.5,1,1
f96b51d4-f7e4-4e24-9f00-af021d80edd5,10000251,2025-08-10,95.5,1,1
a95cb1fa-b5be-4387-b003-5094c4b32025,10000140,2024-11-28,93.7,2,0
0d5c690e-33f4-4078-abdb-038ce230b101,10000413,2025-01-11,60.2,0,0
49454562-cf46-4343-bcca-bfcdf6422f93,10000313,2024-07-14,73.4,1,2
83de581f-2c32-4c4e-a011-c05a30e652af,10000790,2024-08-03,23.7,3,5
7db8b25b-bf9e-4c5e-8ad5-f400788c69e8,10000684,2024-11-25,28.7,2,0
99d79983-33ce-4d65-9099-37db0267bf2b,10000239,2024-10-14,68.7,0,0
e9e54890-6ad0-4d28-9828-42575d774330,10000222,2024-03-21,43.0,1,2
2eb86eed-222a-48d7-a7d8-2c0fb06079d8,10000636,2024-10-27,99.2,2,0
2874ab9f-70ef-452e-8180-3f6516964d57,10000571,2025-03-25,50.7,3,6
047d084a-bd06-42ec-a403-a211a6dd6986,10000233,2025-02-19,67.6,0,1
dd379239-0fe2-4d94-8f53-8b546ea1a3d2,10000439,2025-03-07,96.0,6,8
62690e4c-6c26-4a89-826a-f8fc027903c5,10000533,2025-05-06,46.1,2,1
47f14e47-17ca-464b-ad34-07de192ed6e9,10000236,2025-08-30,93.7,2,2
8aba17c4-b71e-44a7-a03f-6d170beda39e,10000323,2024-06-14,42.9,1,2
f04394c4-e918-4856-bdc4-07c25a148622,10000680,2025-04-30,86.1,4,6
7fc1aaaf-8969-4da1-b67e-1e151c5680aa,10000687,2025-07-25,61.2,0,1
a7b57d62-dd8e-4e5e-ac7e-f831af467f0c,10000579,2025-02-05,87.7,0,1
1c5aba99-02bf-40e2-9620-45c3ae16ac47,10000884,2025-01-01,98.7,4,6
54fc995a-d194-4b99-a964-c8ce7b01da88,10000400,2025-04-19,35.9,5,6
57e45455-3707-461f-acb0-1307ef36aefb,10000294,2024-11-29,30.4,0,1
0370ce80-41d2-4419-9d83-e0da999f7067,10000941,2024-08-26,34.9,2,2
dde7e352-5eb4-4c9d-9552-37e74861308f,10000365,2025-01-10,11.6,4,7
a1fa0238-25a6-4efb-8401-52c902ff0bca,10000726,2024-10-14,92.9,2,0
4e93ff76-d0ab-4fa8-b84d-f55e76e4d921,10000310,2025-08-15,52.9,0,1
76a02a2e-a7f8-4675-8b94-2e8aa6ea77d1,10000766,2025-07-09,65.7,1,2
a019e9c4-597c-4c3c-a03c-f3e9d2a0791b,10000125,2025-09-08,93.4,1,2
575e5c0a-8c43-48c4-b632-1b7faeaa0fbe,10000144,2024-10-04,30.1,5,7
07f4f1f6-a737-448b-8560-4f43e9f99903,10000516,2024-04-07,73.4,8,3
bf3a4f8a-f7d4-4256-abd3-1e04653b05d0,10000795,2024-10-06,31.8,2,1
7df81df2-056c-43d6-a537-32cbfe3de8d5,10000819,2024-12-14,54.6,1,2
3c371d9a-191a-4ee5-a489-a7772d10f4fc,10000253,2024-11-30,58.5,2,1
bfbaa3bb-17c3-4d58-a36e-ec4b16331f67,10000101,2025-06-04,23.4,1,2
d6a67ff4-643a-4195-ad83-8fba5813d724,10000428,2025-01-31,12.9,1,2
23cea16d-fab5-4390-b04a-4f20da68e3c7,10000353,2025-03-04,90.3,0,1
b8d7a607-60d9-491b-b928-965f7ed5fa0f,10000820,2025-01-18,11.3,0,1
567ba680-6965-4c81-b2b4-077ad6ff4747,10000232,2024-12-11,90.6,5,3
8d2dc64d-b3b8-4f96-82d5-191a978a7bc9,10000801,2025-01-27,35.5,6,7
54fe97ff-2391-49aa-ba41-4b5423cad838,10000825,2025-02-12,94.1,1,0
e670a11d-a552-4a41-8347-8ac68c9b677a,10000522,2025-09-16,57.4,2,0
597015eb-3d6c-4cfc-b49d-9d5edb28df65,10000525,2025-04-19,64.5,1,2
a1b25852-6076-4e55-b0c8-ca5ce9ae6c86,10000019,2025-02-07,5.2,0,1
93a90653-1ed8-4b63-bc49-b729b4aeee58,10000608,2025-09-25,82.5,2,0
0c6d9367-01fc-486f-ba27-1f828a4887dd,10000488,2025-01-07,64.4,1,2
53afae09-1493-4534-8fbe-303d641d39ee,10000481,2024-12-05,67.4,3,6
e3bef562-764e-465b-9924-5ceae21c0e79,10000516,2024-10-24,9.0,8,3
f5d13fb0-3258-4fb5-89f1-32f433137c8a,10000125,2025-01-24,20.5,2,2
b67e8e3d-0c78-44e0-95ee-d5394d048b33,10000664,2025-12-22,67.6,0,1
c0a73554-d79b-40d9-9c05-a08e3ce2a053,10000432,2025-03-06,80.8,0,0
1a20292f-39ea-49a8-bf47-6caedb866235,10000705,2024-09-20,14.1,1,0
6a0cdfb4-53aa-40f5-8db5-e9358d730779,10000062,2024-11-08,74.5,1,2
242ef3cc-0cf4-46c0-b73a-1243e9be6540,10000526,2024-01-28,56.8,7,4
ceb788c0-7096-4bd9-b1c1-af999cb5580f,10000614,2024-10-07,3.2,0,0
8e5a314b-ac54-461e-978f-7d09c51bd9fa,10000658,2024-06-26,29.2,0,2
5096b4a2-6ece-4e70-8e5c-781066e16780,10000714,2025-04-14,53.1,2,0
a15c795f-adf4-4142-9838-b90104ea8020,10000229,2024-11-16,38.2,2,0
3e5ab7fa-12d0-4107-9473-0e9672344099,10000315,2025-07-23,54.7,0,0
2b729673-78c6-4962-9929-fd04716fbe97,10000333,2024-08-09,82.5,6,4
1b3e0677-9a5a-4d8a-ab8f-de88ad287b75,10000175,2024-02-22,32.1,0,0
cd5e5d50-a13d-4f02-9579-a86b4a8b0b0f,10000930,2025-07-05,43.4,2,2
7569e756-625c-49c4-80c5-445064c933a1,10000093,2025-05-01,76.7,4,4
48933b06-c395-4c76-a9b9-335e1860006e,10000650,2024-12-03,71.1,0,2
727bf9de-9579-471a-bd96-e52f45b880c0,10000631,2024-01-24,56.6,1,2
9419f825-2a96-472f-ab41-fc0308605157,10000828,2025-04-13,38.6,2,1
ca9a5761-3ba1-4f91-bacf-2f12eeb27f91,10000842,2024-12-21,18.4,0,2
c6f43f2d-84bf-4e4e-84ab-45f7389be512,10000236,2024-12-26,34.9,2,1
7a16694a-d4e3-4851-ac0e-3c50afd6e84e,10000541,2024-12-03,99.4,2,0
29d02cc2-3584-4031-86e8-f8a22b7613f2,10000063,2025-04-05,35.5,0,0
c388d61c-42c6-4900-81e5-a020d2073f71,10000163,2025-01-31,68.8,4,5
da0aa71a-5c5f-4909-a2cf-be946c48af1d,10000617,2024-11-26,65.2,1,1
a12bed04-99c8-43ff-b149-7dae6a28dbb2,10000125,2025-08-13,40.0,0,2
2debc10b-654a-4c69-b439-dc77282dd65e,10000953,2024-12-28,82.2,0,2
ef2ef7a4-78a2-473d-bd33-57c3a7e9f93e,10000234,2025-05-10,23.1,2,1
a2c08006-6e5e-48bf-b856-2dc4bd647ac3,10000096,2025-04-19,40.8,1,0
c4e91e9b-667d-47c5-8e5f-e122805a2d70,10000029,2025-07-18,85.8,0,1
743a73d8-cc23-4696-b01d-52692d6b378b,10000213,2025-05-20,46.6,3,6
de6cf7e4-3c81-48e3-b338-2facbc97e166,10000693,2025-06-20,88.8,1,1
f9d3520c-e1e7-48f8-8099-e0e7443af11b,10000406,2025-05-28,47.0,2,2
c0bbe11e-94c0-4e9c-b915-d23dd8877195,10000383,2024-09-17,64.3,3,7
5ff66a90-6aac-4697-8683-bcfd770fe90a,10000991,2025-01-11,34.5,2,0
751086b7-c489-422a-ae48-4c41f225c07d,10000151,2025-04-08,51.1,2,0
9f9d33d0-e75f-48e1-844b-57290bad5ffc,10000232,2025-07-15,54.0,7,3
1d6f50de-6fc8-43c8-847b-6f92c0b1815c,10000629,2024-10-23,18.2,1,2
7dcfba8f-5246-4a35-b9c2-1ee0469bee5c,10000128,2024-09-01,85.9,1,2
d98e79db-f8ad-4288-b71e-c8f256deeb0c,10000681,2025-01-03,20.6,2,0
01b818cd-71a2-47f2-8d70-96c0780b0a79,10000223,2024-09-21,56.4,1,2
890e93c9-e303-4092-8ae4-e2fd477d0b9e,10000507,2025-09-25,42.5,3,6
aa8499ea-e3fb-4615-a551-3c3558d2592c,10000131,2024-09-03,3.8,2,2
5b1bc3fb-f555-4571-83d2-cc2e5bec24eb,10000736,2025-09-05,93.8,8,4
2055c6ef-5bb5-4aaa-938a-ac166036f6d2,10000671,2025-05-25,59.0,1,2
eaa6233b-4367-4ef8-97e4-9ec8ffc8aba7,10000076,2025-08-01,84.1,1,0
6fafbedc-8da4-438c-b4f1-d5e57e1778d7,10000205,2025-04-09,77.4,0,2
a9a11fb9-d525-4cda-bc0d-8f9787728a6e,10000564,2024-09-18,77.8,1,0
fe22a31f-11b1-48aa-b7ba-c6c13b238b65,10000459,2025-07-09,29.5,2,1
1bb5aab6-7477-4941-94e3-4fcb73584600,10000148,2024-06-29,91.2,2,0
3e27a19d-f0fe-4821-a581-37410a0eda4a,10000649,2024-10-04,85.3,1,2
f89ecf58-ed34-4fea-b260-7319861a59b3,10000973,2024-09-06,21.4,0,2
09189d55-813e-44f6-84cb-cf5e61b79010,10000898,2024-11-08,29.8,1,1
a25884ed-9f29-41e2-a708-8c8036ee4815,10000313,2024-12-22,29.9,2,2
bd4cbb14-4f9c-47ff-8515-9ac84aa6a8e2,10000489,2024-06-20,56.0,1,1
650e9af9-57ff-44b8-b2be-94c4ac6e4a6d,10000972,2024-10-19,39.6,2,2
7d3125a8-cad5-4465-bfc4-7b834017efe6,10000517,2025-03-10,14.9,0,1
67629a79-d736-47c5-8580-feb102758eec,10000493,2025-04-12,74.3,1,1
ebdb349c-6fe1-440b-b2b3-f9ea0cc0ec93,10000336,2024-11-24,43.8,1,2
144259cd-35f5-4785-9994-fb7487fe8c94,10000177,2025-09-03,31.8,0,0
bc96476f-9424-48a9-b723-0b3c86d9d85b,10000286,2025-07-19,76.2,5,7
00db4356-8562-4f47-8d09-5fd94b362c47,10000553,2025-03-30,74.7,2,2
745260d3-d7d3-4c44-9407-98f7e7298a49,10000919,2024-11-03,73.1,2,2
b0d5859a-86b4-4cfe-8f19-45d4064fa8f4,10000601,2025-10-09,21.5,7,7
44ee2009-93ad-4a61-a99e-66bed5af1181,10000195,2025-01-13,29.9,0,2
cf5808bf-a9ec-49e1-89b2-e0a580f7452a,10000807,2025-01-02,95.0,1,0
b5277923-9d50-4b18-b179-82f82dd150e7,10000066,2024-11-25,93.9,2,1
dad6dbb6-2a90-47c6-855c-b61d26f5ea68,10000041,2024-11-15,33.2,6,4
df26ee9b-a5e9-4014-b824-2b67958ab084,10000348,2025-06-21,74.4,1,1
3b59bee8-c8a6-4458-9d70-9b473e11eb46,10000750,2025-01-23,28.7,8,6
5a6be7a9-49af-48da-953f-1e8b13249b16,10000062,2025-02-11,30.8,0,2
4b431e4d-8840-4c62-9436-c8a324c33cd0,10000348,2024-10-26,49.2,1,1
70ab5fb4-850f-46fd-90b5-69417b26d770,10000542,2025-04-19,40.7,8,6
fec1cfd7-1938-4554-981a-eef28abdcbef,10000928,2024-10-10,29.8,0,2
a1b0dd37-d05d-4d14-a568-a9fc85eba9d6,10000153,2024-11-25,56.0,0,2
a58dafbf-2a90-4762-8929-f9e00887807a,10000547,2025-07-26,63.3,0,1
f144b3a5-a0ef-482b-ad96-930331b08b08,10000250,2025-10-10,33.8,8,6
fe57d947-60a3-4bfc-b336-fec89e0a1bcd,10000031,2024-08-02,15.3,2,0
6873de66-97d8-4b0e-9be8-5223f47a3453,10000702,2024-12-12,4.0,0,1
65881f1c-d10e-4276-bd8f-809ceeb013e0,10000689,2024-11-25,29.5,0,1
598ece68-c2aa-474e-b74a-e440d0349127,10000879,2025-01-28,76.1,0,2
a061ca3a-df7c-4a23-8c5c-c230e4642fc3,10000287,2025-01-06,49.7,2,1
f6eb056e-3301-4f75-9426-39c315d4bb7e,10000098,2024-06-07,42.1,2,0
2708efd7-4c42-4ed8-8e73-74a48bf845c2,10000956,2024-08-09,57.7,1,2
d2b8125f-bfb1-4840-9efa-52fb4750f7e8,10000111,2024-08-19,59.9,2,2
f2e56d7d-bc83-4184-95e7-194288d35468,10000612,2025-01-28,59.7,2,0
f5438669-5649-4bf8-a80d-cd8dcea9306a,10000498,2025-01-10,20.9,1,0
974bb256-91e7-4e10-9161-4cca7a64cba1,10000691,2025-03-08,62.7,0,2
f4435449-57c7-41ff-a76b-99f9d638c709,10000721,2024-09-19,24.6,2,0
d9ede632-90bb-4810-b8e5-0ea3ce4a38e1,10000987,2024-05-23,8.7,1,2
1a2f2773-ae62-4d8c-8d09-18c2eddc7a1f,10000083,2025-02-23,68.1,1,2
721fe82c-9707-4804-9f7f-5623619c6e5f,10000612,2025-01-29,38.7,0,1
e4974427-5a7f-43ce-93a8-1c5d6286a470,10000505,2025-07-27,76.5,2,2
4ebd12ca-f3f5-49c4-aa0b-27587c4ff466,10000488,2025-06-22,66.9,0,2
d8dac398-ee2e-46ed-a412-227fac5694ed,10000317,2025-06-06,90.5,6,7
631ab3c9-ae25-4cfe-8d2a-e9788c5d3ba0,10000037,2024-11-08,50.8,1,1
0324e916-a822-4984-9acd-48f38503a26a,10000277,2025-07-18,38.6,0,0
9efe3aad-3f08-4e04-9436-6737a7503a6b,10000834,2024-12-15,78.5,1,0
b5e49a7a-05df-45bd-bff5-1580a6bfc223,10000862,2025-10-29,97.9,2,2
ef46dec9-ae71-4b97-a22b-868c4ebfd3ac,10000384,2024-09-24,9.0,0,1
094a687b-a633-4929-9855-693d60862c10,10000818,2025-02-08,15.4,0,2
7cbd78f4-3cff-42a6-bf42-30351962da95,10000769,2024-08-13,69.6,0,0
52c14722-3c14-42e3-9ebe-6da38c8c4b8f,10000631,2024-10-21,45.6,1,2
f57f8516-b566-4ef6-9b5e-e10ff72f3009,10000232,2024-09-23,61.4,4,7
51032e59-c8da-4f3f-b569-788f1d0088b6,10000462,2025-03-02,93.3,0,1
14d1cc9f-021f-4f51-9e74-cf9e39d0a0ec,10000684,2024-05-17,1.6,0,1
47bcbbfe-4709-4e1a-a911-41c3ad69b104,10000153,2024-10-23,6.1,2,0
936745ad-ee1d-45b4-8242-0bbdcd9189a9,10000715,2024-11-02,20.5,1,0
d05886f1-90af-4ebe-94eb-11e9858dac40,10000771,2025-06-07,59.2,1,1
d87b1d58-8150-4745-a5b5-faba4212378b,10000684,2024-08-28,12.5,0,1
7d4cca2f-54c7-4689-9b03-e4686c18a5c1,10000409,2025-08-18,42.0,1,2
95db86cb-797e-45f8-927a-7476f8d2da94,10000286,2025-01-03,30.5,6,5
a804e9b2-a905-4511-ada2-e1673da97dc3,10000742,2024-12-27,43.2,0,2
dbe1e909-64d3-4b47-9714-b24ac1f6d571,10000442,2025-03-25,1.2,2,2
782aba8b-238c-473d-9947-709f85275ba4,10000140,2025-07-20,87.2,1,1
2435b285-0ca3-410c-a9c8-43354198a174,10000904,2025-03-24,90.2,3,6
88430bba-8100-40d0-9f6c-8be72aa945d4,10000707,2025-08-17,63.3,4,5
2efe54e0-d423-4898-ae20-d419ab0dcc52,10000430,2024-05-03,63.5,0,0
64bda46c-f6c8-4a1a-982e-04e9f5086980,10000829,2024-12-08,20.9,8,5
eb0874d6-bfd9-4f42-b744-ed9abf85454e,10000310,2025-10-31,54.4,0,1
1ef621ea-f7ae-443b-90d3-87463b26671e,10000253,2025-03-17,43.7,0,0
dab958c2-9744-48b6-aaf0-3de794b0254c,10000173,2024-03-28,66.3,0,1
01392d5c-9148-43e6-b0d7-dabce0e66818,10000511,2024-07-29,18.8,1,1
ebe1d212-b04c-4c09-8042-90df43f18f24,10000405,2024-07-06,87.2,1,1
3f6d63f2-e53a-4db4-9801-337fabb4758a,10000844,2025-02-13,7.7,1,1
6eee7ed1-1988-49f6-abec-3a1979081b38,10000211,2024-07-01,53.3,0,1
fe852e21-0137-4066-9e53-8564b5683d30,10000048,2025-02-24,98.7,8,3
83037d95-d8d8-46b3-8dbe-ff642e9f474d,10000056,2025-03-27,49.2,2,1
a97fc86f-3b78-4a83-8fa5-ca9afefdfdee,10000733,2025-04-20,55.9,2,2
f0a24b44-04f6-4361-bb70-faeb2647bd7b,10000449,2024-09-05,56.8,1,1
ea25da3c-7eb1-48a7-b7b1-2d088717af4a,10000881,2024-04-29,42.3,1,0
b0e5116d-17a5-4e09-96db-16993dbc2a28,10000906,2024-10-15,28.9,1,1
1c98f897-ffd0-475a-bfcd-c5e4dd7daab2,10000889,2024-06-05,94.2,0,1
67d36a4c-baed-4e40-af1c-8380538553c5,10000483,2025-03-18,6.6,6,8
7f65784e-55e2-490f-aeac-f36a54c64eea,10000055,2024-09-11,33.9,0,0
a45ad4f0-a43b-4515-aaba-7761c0029004,10000705,2024-07-25,41.4,2,0
256dcebf-1573-4b5b-8457-db4066b63849,10000504,2025-05-07,70.9,0,1
7282e0b5-1bb1-49c2-a685-190023de9fdf,10000094,2025-03-31,71.0,6,4
6d127358-fe38-42da-9f40-2c0ac1cb7853,10000482,2024-09-02,64.7,1,0
ca3e53de-865b-44fc-b471-b3576c43cdbd,10000775,2024-09-14,41.2,1,1
47a78be3-675e-427e-a515-b9eb674e398b,10000953,2025-03-26,39.6,1,1
a22342b1-4bfe-41cc-b28c-4b2503e64021,10000270,2024-05-23,78.5,2,1
bdc14aae-f572-46ae-aff3-c424fb2db90c,10000739,2025-11-10,16.6,7,7
5d22446a-f47b-4fbf-9736-d8af8f49f111,10000776,2025-01-22,88.4,0,1
0063b8b9-6b31-4dff-b648-9b3aeb535b8f,10000992,2024-10-18,56.9,5,7
f0680576-eb69-4f9e-88d6-0e8a8dacd340,10000394,2024-09-29,58.3,2,2
124b71ad-7b5f-4b3a-8f48-345694f2f003,10000416,2025-02-06,73.4,1,0
490aca57-aa63-4950-a949-8fe4c8963b8f,10000989,2025-02-11,98.1,8,6
8d619543-21ca-4ecd-b6aa-4813211f1bfc,10000731,2024-10-10,32.3,1,1
a3f9a515-791a-47b5-ad3c-8aadc15b1f91,10000495,2024-04-23,26.8,2,2
3eef5839-73b4-4f85-9c7e-6ff2c33fb703,10000421,2024-07-16,28.5,3,4
0615fcd9-d0c4-4f4a-a447-7e1cb4696cc9,10000654,2024-03-21,67.1,5,6
f6356550-ed68-4666-bad4-b05b5f677aaf,10000162,2024-10-16,19.4,2,0
ccc49c2a-88c7-4cf8-ada4-a2c4a066882a,10000579,2025-03-04,87.9,2,0
fdc2fb91-a3e0-4024-9668-cd71490e8690,10000602,2025-01-01,83.8,5,7
7fa9c515-89c7-4fe3-a75b-dd196a1c0220,10000991,2025-06-15,47.1,0,2
c3cac784-a41e-4f96-8d19-660b51ae6c29,10000649,2025-01-17,7.1,1,2
2435d41b-8634-4b7c-a7bc-54e150ad8608,10000485,2025-02-17,71.7,5,6
ef6427bc-bfc1-43ae-b491-7b264ea20fd2,10000365,2024-09-29,79.4,7,8
d7856f6e-7786-422d-94f1-c7a74088ebc1,10000313,2025-03-11,72.3,2,2
070944d0-cd41-4a27-9ab6-08538e18d5fa,10000468,2024-12-20,36.9,6,6
e7d1adb9-7204-4999-b320-dbef0b454b7a,10000928,2025-04-18,25.3,2,2
5847141d-1072-43e4-ab1e-8389075b63b9,10000385,2025-02-12,56.0,1,0
04548086-6a4c-4050-ab3e-342364530449,10000764,2025-03-21,46.1,2,2
2c5b37d5-0752-48d2-bb48-dddb3711d145,10000693,2024-11-11,19.9,1,2
69bff6ec-6252-4f81-b559-852809a1a8e1,10000460,2024-09-09,7.0,0,0
d62c40ca-a17f-42c0-a92b-1848da476068,10000281,2025-08-05,70.9,0,2
53252a2e-e8e1-4ad1-be36-a3124333aa63,10000054,2024-12-07,27.3,3,6
0356f792-9c0f-4121-9eb2-51caacc4fb67,10000293,2025-01-15,80.3,1,0
74eed967-dacb-4307-825a-862344621eba,10000413,2025-02-22,94.4,0,2
66eedb4f-7d6f-41fb-a9c8-ffe99e6bd8bb,10000604,2025-04-10,37.6,0,2
2899823f-7348-46b8-8c8b-53e6debce08a,10000386,2024-11-25,26.3,4,4
beca4760-7a6d-4255-a884-7e2ffb4e2eba,10000448,2024-09-13,60.8,1,1
65eb52ec-df3a-4d62-adc3-305ea3214cf2,10000213,2025-02-06,64.9,4,4
cf562dd8-4f19-44d2-a57f-38552a2c591e,10000736,2025-01-03,62.6,5,4
c3e1d544-1444-4f29-80c1-6834c9491464,10000365,2024-10-05,51.6,8,7
88bc69d1-510c-4cb6-bc16-62aed2152ab6,10000756,2025-01-22,24.4,2,0
68b64821-2003-47a4-97c1-d0cb5aa068ba,10000697,2025-09-24,16.8,0,1
37ed6a1e-a4d0-45fa-8ad0-f9b80464ad18,10000690,2025-03-25,98.9,1,2
ac8c0110-96b5-4cb7-9d09-54793f966570,10000717,2025-06-17,87.8,1,0
8e782fa4-a09b-4263-9e34-a782182c7c43,10000656,2025-01-08,70.7,2,0
7cfadb6c-ae14-4918-bcd7-1b855db9cec4,10000481,2024-06-02,71.7,3,6
a0e331bf-9dab-47df-9066-7481aefc5cd4,10000774,2025-01-18,63.5,1,1
b1d56119-85a3-44d1-8c13-6c02388e13c9,10000006,2025-03-06,19.1,1,0
f33edb6e-e568-4ec9-9521-bebbc521082e,10000340,2024-08-24,2.0,0,1
54a6c7c4-d85f-49d6-aa8d-299fdb900163,10000759,2024-05-21,27.7,2,0
c5af2bd0-e87c-4eb2-8a1c-0cbe9d19d3fc,10000280,2024-12-23,71.1,2,0
b456cd4c-dcaf-4428-952b-bd722a505049,10000177,2024-12-12,64.8,1,1
82a81e15-ab05-4559-89ea-7a24d82de8ff,10000204,2024-08-23,39.8,2,0
c729fd18-ad2c-4ca4-9181-f94d4028520c,10000050,2024-11-03,95.8,2,2
a5c87ddb-ed71-4758-87ab-092568cf5657,10000183,2024-11-08,62.5,0,1
4a4d72b5-ee2b-439b-b6d1-99a01ab8bf77,10000403,2025-04-04,78.1,2,1
d8d2e32a-a67a-4104-ae83-67f0830efe76,10000764,2024-11-23,38.3,0,2
ed617b12-ccc9-4f04-a9ca-fc6ac0fd728a,10000746,2025-03-16,18.8,1,1
bdbd1e22-3f9b-40e3-806a-0c2f970f06c2,10000612,2024-08-24,91.6,2,1
e56f52c0-c88e-4f15-b846-926ae49a9032,10000545,2025-05-30,40.6,0,0
df7610f8-1132-4f46-b1c3-6706bb1ca077,10000397,2024-07-12,90.1,2,2
07c37db0-9777-4d38-a3c2-4a7a715c84ed,10000639,2024-09-24,26.9,1,2
7711d436-3962-4a5a-a95a-c0ee5162d288,10000612,2024-05-29,99.3,0,2
acfa3eaa-ea3b-4360-824e-f11c6f79b5dc,10000827,2025-07-02,35.5,6,8
7a4bccb1-e87c-4ea8-84ca-a5c15f61534d,10000048,2024-08-22,37.2,4,5
0a081a56-b51b-4128-8922-8443e4401d76,10000034,2025-06-28,55.5,0,2
14dd368d-4f48-40e1-9fe7-9223709d54b9,10000251,2025-05-01,53.7,0,0
36ab5a66-fafc-4e10-98bb-f6e78758b451,10000517,2024-06-22,5.2,2,1
bdb76a68-004e-46ac-81a8-1270e1e512e8,10000056,2025-09-11,88.5,0,1
7c03ca09-2be3-415d-9544-1d5f29a46f85,10000581,2025-05-20,36.0,2,1
96e08920-cd97-475f-b54c-2b5023f6c90a,10000197,2025-07-15,84.3,2,1
6da27b56-9515-4e36-b806-51cca16499f1,10000624,2024-09-17,89.8,1,0
d2a2711a-b2c1-40f3-a446-3bd98e70de2d,10000623,2024-09-14,66.8,6,4
67f14b41-4f8a-4f5a-a82f-bed912edd3fb,10000408,2025-02-01,24.8,2,0
a0ceec66-8ff4-4d29-b718-be2f18a7e3b4,10000228,2025-08-01,59.6,1,2
1fbcba65-9a9b-43c6-8abf-d894c9ddb827,10000940,2024-11-26,84.4,2,1
fed482a4-c31e-4378-ab92-011e1e39f080,10000572,2024-09-17,26.0,0,2
da94c6ca-d217-4feb-9379-5cc6a4680a54,10000447,2025-08-09,65.5,5,5
b304c226-33c6-4098-877c-ffa01a08996f,10000768,2025-03-07,32.4,1,0
fd7c2179-e27d-4d52-8e99-e64ada512d33,10000253,2025-10-13,19.9,2,0
8381ebb7-fa05-45b5-959f-2956343a4545,10000026,2024-09-01,48.6,1,2
5cc649cd-cc9b-4b7d-8d40-519b306128b7,10000921,2025-03-28,68.1,2,2
ede16546-f6ee-411c-b953-c07f9bf8d755,10000916,2025-01-19,83.7,6,5
c7150123-9484-4eda-939c-e9e7d779010a,10000116,2025-04-04,21.9,1,0
52880b00-515e-4b62-9582-e8606e7eb3d1,10000993,2024-09-13,53.7,2,1
29716edb-df00-431f-89a6-2990a5223737,10000101,2024-10-13,62.8,1,2
55f84071-f1d1-47da-8c5d-95600bfa5616,10000248,2024-09-02,47.1,1,1
09e67430-c9a6-4bd9-854d-45410e9fd8fd,10000645,2024-12-27,60.0,0,0
e9768ffe-6cdc-4eb4-905e-6e04925812a7,10000790,2024-02-07,71.4,3,5
4066e3ec-89a4-4769-a4fe-4794ceb2dafb,10000942,2025-06-11,66.4,1,1
6bbddfea-b4a2-4554-a4c5-f1bacef099f1,10000177,2024-10-17,29.6,1,0
ff56f105-eac3-42b0-9b98-29c75b65532e,10000285,2024-07-31,13.0,2,0
776a1bfd-8d09-464c-a0e6-97069ef7b393,10000665,2025-02-18,45.9,2,2
e66a89c8-e99c-45ff-bfb7-1550f544ee37,10000884,2024-12-29,69.3,5,8
9e6c707f-d149-4ce7-8a69-6eb1f8a4416d,10000886,2024-12-08,94.4,1,2
857bb3a0-7536-4016-9480-d86365be5f15,10000797,2025-08-31,47.6,5,3
aa86e6e2-6f95-4c51-ab9a-aee07eae746e,10000844,2024-07-10,83.8,1,2
ce94c923-8f36-48e3-91af-35dd3012adc8,10000744,2024-11-30,57.4,2,2
44dfbf00-6c3a-4590-bb7d-0c2d412eeadb,10000941,2024-12-14,45.3,1,1
f582521e-e3b8-43ea-a308-0926281502d9,10000935,2025-06-30,31.1,1,1
cbdc6951-ae49-4379-8b87-5b9d1b321359,10000178,2024-04-22,55.9,0,2
457ed0a9-1bc2-46d2-a9e5-9689d57e054a,10000561,2025-05-21,85.6,0,0
91c01640-c575-4d4e-819b-9d4b281b6ce3,10000946,2025-02-26,37.1,1,2
e429e3d3-7a10-444b-8180-15c1c6f9c491,10000044,2024-09-05,29.9,2,2
753e39d8-6fce-44e5-8ea6-c86e74d688dd,10000068,2024-09-06,8.6,7,6
0adcfbde-996f-4bc9-925d-1baf15d6f99a,10000762,2025-04-16,95.2,1,2
d42f9c35-383e-424e-9575-aefb3c79b22e,10000397,2025-04-03,52.5,0,2
998acce0-b126-4076-8d88-ac179a52b284,10000963,2024-04-29,91.6,1,2
ab0ab7a7-fb6e-4df3-a8ed-d9d4d7dfcddf,10000179,2024-12-12,29.6,1,1
751a1995-90dd-4e14-a448-dc1e4e0993a3,10000681,2024-12-30,50.5,2,2
48da6b40-148b-4e27-8073-6418d4e2873b,10000325,2024-05-01,82.2,4,5
a47c9785-730e-47be-9525-3fb9b34d1499,10000294,2024-03-23,99.3,2,1
3884cdf9-797d-4d6e-8100-8d6ab4c61bbf,10000558,2024-12-21,58.3,0,0
e79991cd-0c27-41bc-ad00-8abd1ea8b0c8,10000494,2024-12-13,79.4,2,2
384c8b07-f575-4a27-a359-cc835c6eab16,10000693,2025-03-02,97.3,2,2
cc3e0e77-a124-45a2-9f39-c234a209f2e5,10000319,2025-02-11,13.7,0,0
e229b7c0-1e2f-43db-b862-0b5cd5a391d1,10000533,2025-02-12,56.7,0,2
5906ee9d-3d56-4317-85cc-bdbf302e45b2,10000152,2025-04-05,48.8,2,0
b67c6878-b8e5-40eb-83f8-7bbde511be4c,10000241,2025-02-25,24.9,3,6
75ef969f-43c9-44b1-bd55-ee9d136ce8b7,10000651,2025-08-09,34.8,2,2
f6484084-92b3-42a9-a43c-33763aaced6d,10000501,2025-03-14,45.8,1,1
c4e9b0b7-1ef6-409b-8e46-d2efe9356632,10000121,2025-07-05,71.8,7,5
5a692918-73ea-4136-833a-791ad57902a4,10000864,2024-07-23,62.5,0,1
6d0e1ebe-a317-4e37-943b-55ec0f1217e3,10000097,2024-09-13,9.6,1,2
2e501985-2e2d-4bef-a846-2543b1bd71d9,10000228,2024-10-15,34.8,0,1
c4014486-21eb-4710-a5ce-8bb9db1459bf,10000842,2024-11-12,70.0,0,0
3360e54a-d965-4461-a5ea-57387c39dc49,10000909,2025-10-22,13.3,2,1
c17b1b24-77fe-43ac-b514-e8270c6beaca,10000617,2024-07-12,7.2,0,1
6e84a75f-61bc-4770-ae45-32e4f4c90810,10000328,2024-05-12,20.3,1,0
6d9e590a-3406-4271-aa59-a04089d756f3,10000178,2025-01-17,66.3,1,0
bf318378-036d-4577-9e97-a92d2ef96f9d,10000428,2025-07-15,59.8,0,2
a57b54e6-2ad3-4aff-8230-3da002dd0e8c,10000006,2025-01-29,92.8,1,2
28686108-52be-4c20-8c96-bc3b59161d8f,10000884,2024-09-30,15.2,3,8
fdd8e853-36f2-46e3-8929-ca32f8acf2c7,10000202,2024-12-23,19.7,0,1
1159b044-4674-4a4d-b599-5960ece65ca9,10000608,2025-07-10,66.0,0,0
a26c2020-15fe-4565-8113-99bbc216b99f,10000205,2025-03-28,15.5,1,0
d9027c3c-11f8-48b0-a750-d306743aee90,10000489,2024-03-16,48.3,1,0
3203b098-ea62-4be2-82ff-361b30e23cb3,10000457,2024-06-20,9.8,1,2
3fae4b52-4d1f-4ad5-bb75-c0055df8025b,10000504,2025-06-05,20.0,1,2
9bd49ba0-9a24-4e46-822f-a9ddd0a4d137,10000183,2024-06-20,8.4,2,2
73f59fb7-e599-4cd0-ad94-117144eb3002,10000080,2025-02-08,76.5,5,6
e31338c2-aa0e-4266-9ee6-425765acffc3,10000776,2024-09-08,10.6,1,0
e1726afd-44e1-4c84-a6b0-dde8c8d05328,10000522,2025-11-15,71.0,2,0
fe64d884-6ef5-45a8-b7c9-44ba1ff74a02,10000201,2025-04-09,17.6,6,6
4cf94105-6171-4fc1-9bd0-b9a514b23137,10000564,2025-06-09,99.6,1,0
0d139175-d23c-4974-852e-569a724c1af0,10000455,2025-05-20,4.9,1,1
184606b9-6a95-4753-8eee-4dcabeb8d611,10000131,2024-06-01,92.1,0,2
461a7ca0-14fe-4845-9eb5-7472bb9bfe6f,10000722,2025-05-27,97.6,1,1
4ea917e0-66bf-44f4-9d7c-55fdb15fa596,10000487,2025-06-03,92.1,1,1
9d3cb4cb-e6ca-4bee-8e85-2122af78fb63,10000467,2025-10-17,45.1,0,2
c61f506a-cbc3-4ce0-9009-ead4d6fc69cd,10000557,2024-10-04,83.3,0,2
4979722e-87cb-4201-9060-ff973cc00761,10000254,2024-10-20,81.9,0,0
eb788e2d-3d1c-4db4-93f8-041dc3e972b7,10000557,2025-05-20,46.9,1,0
b1d58c10-112e-430f-ac98-31f210eec2fe,10000123,2024-12-10,8.7,2,2
898bb852-d3cb-4b5d-9916-55e30cffa737,10000325,2025-01-12,22.4,8,7
8db9dba5-c26e-44bf-906c-96d55d0a75d3,10000909,2025-06-15,61.4,0,2
97e315a3-e446-456d-88b3-99fa2857351b,10000637,2025-04-28,42.5,7,8
f71ad24d-13e7-4a73-b3db-aa641d845ed0,10000451,2024-11-26,47.5,3,8
756dcb1d-92fe-4da4-9128-ae652e6d8588,10000324,2024-12-23,59.7,0,2
5528e042-22b2-48c9-8c03-da1f9747950a,10000131,2024-11-13,26.7,0,0
150e1dd3-5e10-4ecc-b28b-03c6ab0c4d84,10000828,2024-10-06,92.5,0,1
11bdb3f4-4fc8-495d-8a0a-80554d55a43d,10000236,2025-06-12,92.0,0,2
6538ef3b-8b62-44d9-a684-4d9620b31971,10000518,2024-12-13,19.0,8,3
6c0f4e09-5cdf-4134-b8a8-53bc48a7f58d,10000723,2024-08-06,89.1,0,1
5808b837-86da-47f0-ae87-7e3cf1d71b00,10000707,2025-04-21,93.5,5,5
c37a8df6-7f4b-4775-9239-a804f70228ae,10000469,2025-02-09,2.2,1,0
40d1df39-aeca-46fb-bb05-19da68997aac,10000083,2024-11-07,22.9,2,0
8e6e2f54-ce84-4e96-a034-810172d86356,10000336,2024-10-31,98.9,0,2
227f7e41-baee-4e04-add2-692b0051cd47,10000283,2025-01-11,67.5,3,5
e6882a65-2434-4c8d-85b4-c005dcfecf9b,10000809,2024-10-26,3.0,6,6
4a1e8640-e2fb-4dab-95f5-13b0023c8615,10000352,2025-04-03,30.2,0,2
daa9373b-2412-45f1-985b-ad4a6adeb018,10000763,2024-09-09,24.8,0,1
abc3ff49-9975-42a2-9323-46617c2458d8,10000245,2025-05-18,54.6,1,2
2c3f0014-3403-422a-8606-4ab72631dd54,10000175,2025-02-05,5.0,2,2
5d32742d-3bd5-4124-b55c-bc25548c11dd,10000580,2024-10-07,26.1,8,5
5538be13-e475-4d41-9f44-93c89496fd16,10000273,2025-03-17,99.8,1,2
c43a8f69-a445-4972-a33b-4b10f0ec58e1,10000245,2024-10-29,77.1,1,1
2d0f779c-5ac2-42d6-8b26-b75d45085618,10000956,2025-01-15,21.0,1,1
034b9933-7d25-491e-9b36-febe968b075a,10000470,2025-06-09,10.3,1,1
0f410b2c-3b9e-4fc6-9287-954ef6f9585a,10000666,2025-09-16,51.9,1,1
4c83eac1-581e-495f-a7bb-1376b2a7fc5d,10000227,2025-09-02,8.9,0,2
3e31651b-7294-406c-925f-0967a912059e,10000608,2025-08-25,17.0,0,0
93915b0d-c880-4dd5-8c21-a7536713de3b,10000789,2024-10-29,69.8,5,3
b30ece2b-722d-4eeb-b260-f14ada1f8d97,10000505,2024-11-13,37.3,2,0
bff6a9fa-fd56-4c38-89f9-b9f86c8bbf65,10000881,2025-01-02,27.7,0,0
784a89b1-7faa-45a5-96ad-1ef26940b1cb,10000068,2025-02-26,88.5,5,3
888a0b5e-9b83-41e1-a659-8b95945b392e,10000621,2024-07-22,26.3,2,2
fae6eb8b-e404-48bd-ad8c-2bfbb6dc7268,10000355,2024-10-20,20.7,0,1
78bf4ee9-4e60-4e06-b58b-4059b60d373e,10000363,2024-07-16,72.3,1,1
6162836a-153b-414c-b241-885abaf6876d,10000928,2024-08-05,74.9,0,1
5dad28d1-6207-4e29-ad7b-00fcf359329a,10000296,2025-01-08,28.0,2,1
aad5b491-5cc2-49a5-8236-2a53f455fbb6,10000272,2025-04-28,11.2,2,0
0605d23a-14f5-48d3-ae43-86e18f4082ba,10000705,2024-11-25,34.8,0,1
752a67fb-8692-4f77-ab79-2df83f943494,10000867,2025-12-02,51.3,0,0
57bee2aa-84dc-4596-baf8-c24e29ec11d2,10000922,2025-07-22,23.6,2,0
34ac85f6-e09f-4e05-b1d9-ad25429bf482,10000745,2025-05-17,13.6,0,0
464f58cd-9673-4624-9284-7c374ae1bab9,10000237,2024-11-07,97.9,0,2
468266c6-d540-4bf1-af00-dde94eff425d,10000451,2025-06-17,86.3,3,7
b2f0cf99-cf16-4949-827a-a60cf539882c,10000662,2025-09-05,16.7,1,0
12e00ae7-6d04-4401-9e69-859919a02845,10000016,2024-07-04,38.2,7,3
f7d2f43f-dc77-40ea-a293-e0c2778d041b,10000013,2024-07-16,59.9,4,3
8b181342-7c09-4f18-8f28-5f9a91bff7e6,10000576,2024-07-23,37.4,0,0
0257e362-e0dd-458e-926a-7d800a8dd8c4,10000899,2024-03-15,24.7,1,1
97333104-3113-4d45-a433-95f6d56d3a69,10000936,2025-08-24,17.8,1,1
599182b3-66ee-4c40-830b-340062e4241a,10000506,2025-02-06,74.4,3,5
e21bee4b-4b50-4953-9d57-23f7f87a7ae0,10000235,2025-04-07,72.8,1,1
0c4c23ec-59a8-486f-9b82-2e4e15935cbe,10000547,2025-09-29,70.0,0,0
d6f240a5-c00f-4983-9528-f24c9c8aef89,10000601,2025-04-07,25.2,7,8
21ac5b34-c663-4d43-b167-fd3534686b4e,10000177,2024-12-08,61.5,2,2
d7b6bc6e-59fb-4bc3-b509-d62d57448fdc,10000058,2024-07-22,76.0,2,0
12cf9a8c-1e71-49a7-8ed4-f363004a5f87,10000940,2024-03-30,90.2,2,0
e199d984-7930-4939-a052-12c7d38b22c1,10000323,2024-05-30,78.2,2,1
d9a655f3-1180-454e-ab72-e1e4ffbac07b,10000517,2025-01-04,16.2,0,2
5474f52b-dbaf-4ef6-acea-892c3c8a73b4,10000574,2025-07-02,87.6,5,6
80893265-f785-4028-b26a-afbeaaf529fd,10000260,2024-12-06,78.3,1,2
7afdeb92-7d81-4225-b00b-1388165e16ee,10000574,2025-05-28,1.6,7,7
a80f3c37-14a8-4831-b9b2-375b219c1539,10000567,2025-05-06,37.3,0,0
c7947dff-17e0-4d14-8adb-fc2274103124,10000789,2025-08-14,70.3,8,5
902e9591-e549-4e73-8f8c-bc6d0825186b,10000199,2025-03-21,79.6,2,2
2d987736-af94-4496-889c-9304a0713055,10000981,2025-07-13,81.3,2,1
cde33c93-c6a7-4c4a-b1c0-2e62c1d29306,10000082,2025-02-10,96.2,0,1
f6a68d78-808f-47c4-9331-311f9ba5ed97,10000327,2025-04-07,82.1,3,7
c08920bd-0226-48e4-919b-b873355d3a52,10000772,2025-07-20,78.3,2,1
a78fccfc-5652-4f4c-9179-3262f7de1a89,10000983,2024-12-29,59.7,2,2
6b6dfc42-e5af-4636-8206-99a02ad94087,10000613,2024-10-03,84.1,1,1
db327dc7-a0c3-4f95-b7be-08c6210a1cdd,10000582,2025-05-05,54.3,2,1
25234cbf-0f9e-493b-a9a7-f7f170867dc4,10000837,2024-06-27,56.9,4,6
d407cefd-c967-4a67-9471-da3a400512b2,10000676,2024-05-16,35.0,6,3
37fed950-2890-4655-ab30-da42715ff4bb,10000463,2025-07-24,33.7,6,7
f1a12a3e-0b2a-4e64-bea9-987796ced54f,10000392,2024-09-07,15.4,1,1
fe763308-309b-4e63-9dba-a3ac5f96d0f2,10000991,2024-08-21,29.1,1,1
6fbd8c3b-65d7-47b0-b77c-56534be66524,10000553,2025-01-10,54.7,2,2
98394e99-1d0d-47b2-b587-d4af077f5de3,10000169,2025-04-04,15.5,0,2
83a96e91-d8cf-4cf3-8e67-7aca65d8b56e,10000853,2025-04-16,15.5,6,5
f8b90533-1c1c-481d-8d8a-0f5497286b91,10000130,2024-11-09,98.8,1,1
ff15003a-a354-4f98-9a5a-f1ef34c372d4,10000810,2024-09-16,5.9,0,1
606f6528-bb85-4eb0-b36f-65b6cc71bc87,10000597,2025-03-17,36.1,0,1
a73e70e0-c43d-47cb-8547-7601483b5e8d,10000898,2024-08-11,42.3,1,0
5852e872-991c-4d7f-b393-0206109541f3,10000981,2025-09-25,11.9,0,1
83ff4552-c423-40bf-9cca-022119b78b6d,10000276,2025-05-18,98.5,0,2
c7e256f1-457a-46a9-a029-f35cce6631da,10000533,2025-02-18,77.6,0,1
5d1cb651-40de-4e0d-9484-2cbb51cc3dd0,10000742,2024-09-14,34.6,1,2
962ac849-b43e-42f9-b20e-95db90d5e06f,10000480,2024-04-20,50.8,0,0
85b15e6f-8274-4a55-88e8-59b35160094c,10000736,2024-11-19,95.7,5,8
a7fcaf98-e07f-4748-aba2-143a3853f659,10000103,2024-06-15,55.9,0,2
701e68b7-0dcc-4f41-b912-347a931a5fa5,10000400,2025-04-21,31.3,8,8
bb096739-468a-4136-9581-f38463d23c75,10000621,2024-04-09,51.7,2,1
89c57eaa-1ca4-4812-8876-d6d9d216ae98,10000074,2024-10-21,18.6,6,5
adfc1020-5a0b-4df0-90a1-63cf5a012572,10000765,2024-12-22,86.9,0,0
59aa4b5e-6998-492e-8366-29402fa31dd5,10000382,2024-03-24,47.5,0,2
e5c52e37-5938-4ec1-865a-fd07348d0a7d,10000116,2025-08-05,97.1,1,0
6b41648c-6eab-4282-baff-420fcf5ebbb4,10000430,2024-10-16,94.2,1,0
edc03d42-f51c-4ea8-bb5f-7cd44a6fc7a1,10000331,2024-10-17,93.2,0,0
37f102f7-9c38-4d67-8518-34aa91f14840,10000606,2025-05-21,65.4,2,2
dd09496c-f935-4f56-978c-03ea6e0ed85f,10000416,2025-01-21,29.1,2,0
37e2cf3a-f220-40bb-a036-e26f617b5636,10000624,2024-10-08,85.9,1,2
f4d692d6-4262-45b7-8460-968ce69c9005,10000505,2025-05-15,79.8,0,2
ed9a01f2-468d-461a-b432-cd2191f94afb,10000066,2025-08-08,42.8,2,1
9889f427-e249-4b39-b57b-b4429272559f,10000828,2024-06-29,16.0,2,2
aa9dc3bb-e5a3-4fb1-a67e-235494895c9a,10000162,2024-03-30,90.5,1,2
ff36297a-9671-45f9-bfd1-68dda6f0d72d,10000813,2025-12-20,84.7,0,2
594f69f1-7e84-456d-9c53-97a92079b229,10000043,2024-11-23,11.4,0,0
512670cc-3fa7-4826-8ff2-3e3299fd9d2e,10000982,2025-04-09,27.4,2,2
168152eb-a32a-4b39-8d90-28b1c921efcd,10000315,2025-03-10,70.0,0,2
987b6dc4-a5a0-42e6-97b4-3481f6119f94,10000462,2025-10-26,47.8,2,2
e0a4f65c-2d58-493e-81af-67d338691b30,10000296,2025-01-19,23.5,2,1
3e8f842b-b422-4942-874e-34db3155637c,10000229,2025-03-08,18.6,2,2
7051b056-e732-4c3d-8cf3-009fba170880,10000649,2025-07-30,65.1,1,2
aa602741-e00e-4dd4-a51c-1fbfaaae7015,10000443,2024-12-05,86.0,1,0
f6197d1c-42fa-4d43-bcf3-2392aff6c5a1,10000530,2025-06-03,23.6,2,2
b4138a3a-b50f-4f25-a7fb-1fcbd7e74e12,10000093,2025-10-05,15.1,5,3
132e6e58-100d-481e-bdef-cc83b2c570fd,10000250,2025-06-08,29.8,8,8
0b6a20f1-a2cc-4b32-aa91-2653bf24d8f5,10000734,2025-10-19,84.4,2,2
d15240df-f1c1-4c1b-9cb4-65fcf81266d2,10000041,2025-04-13,31.2,6,4
31729545-5254-4e02-b263-0eca80e9c9e2,10000098,2025-02-11,60.7,2,0
27070ecf-9489-4754-a27f-8b6a8e2800f1,10000686,2025-01-18,60.5,2,0
2514d874-a46c-4a78-a976-eeae7abdd5a1,10000207,2024-09-16,76.3,0,0
3b477ca6-b162-4a49-bcf2-595c6d9071e4,10000387,2025-02-05,37.4,1,1
a91f4288-9af4-4949-8eca-f52158b17d20,10000177,2024-09-11,51.2,2,0
1adf5205-2d1c-4f69-be2c-cc364c814a9d,10000398,2024-11-20,78.7,2,1
a98dc565-f8a8-4d26-b5f9-aca94241f484,10000984,2024-11-18,34.2,1,0
7ad95b78-51c7-4c31-ba9c-c895d5fef92c,10000405,2024-07-27,9.4,1,1
39c19894-0556-4142-9c7f-eb0c91041635,10000924,2024-08-01,67.8,8,7
3a4f4738-4ebd-4ca9-ba09-b29f78a9440a,10000875,2024-08-07,88.8,0,0
7a8a9b52-0d6d-4b35-9daa-26774225fbda,10000123,2024-12-17,92.1,1,0
9335e7bc-f03c-41cc-a579-de3dbafc14be,10000633,2024-11-25,42.6,3,8
2164d11e-86a5-4673-8fc4-8d7100f794bc,10000575,2025-08-07,82.6,2,2
29dee250-4fc9-47c4-89f6-7414c5f074cf,10000567,2025-10-30,96.3,2,1
26a7cab2-abf7-4afd-9234-0cd074d9b000,10000662,2025-09-07,44.6,1,2
4c246896-a21c-48d6-96e9-2b0b2f9130ae,10000527,2024-08-30,24.2,0,0
552069e0-a825-4924-b038-96d409e2a38f,10000317,2024-12-01,30.8,7,8
a735ad58-315b-4ea3-8694-65c5239bba80,10000701,2024-11-17,77.1,5,3
5dec15ce-4b35-4efe-a590-04e56b42fda1,10000394,2025-01-15,51.9,2,0
500c5af7-e7ef-4c89-b88d-791bc9ece300,10000795,2024-07-22,5.0,1,1
a5822b33-a4d3-45f8-aac1-47606cb2e217,10000591,2025-02-09,50.9,0,1
81c14580-1aad-41aa-9be4-76ada2031f3e,10000033,2024-07-23,27.1,1,0
1a899e1f-f093-496c-9f7e-eafed200b942,10000448,2024-07-11,95.5,1,1
628ab3ce-3294-4950-b210-7b76aa7e2a89,10000105,2025-07-03,44.8,8,4
c37cd09f-44e0-48a2-a814-60dd90254b55,10000068,2024-12-16,15.1,8,7
013519b9-33de-45e1-adc3-90c03b3b7fcd,10000459,2024-12-24,60.1,2,1
b4d59c4b-ec39-46ad-b070-1feb96878d80,10000034,2025-10-31,80.6,0,0
638aafbc-29ce-4213-903e-c4d382413da7,10000459,2025-03-06,18.5,0,0
326e330d-26d4-4033-9662-469812e5db61,10000521,2025-02-25,24.4,1,1
152b8d7d-1ac4-48b6-906c-5f913a7148ec,10000902,2025-07-05,4.9,0,0
d84a984f-fa0e-42c8-b774-72d33e33b86c,10000485,2025-01-17,19.6,6,6
e6ba9903-2fa1-486f-8e2f-8174c51f1457,10000661,2024-11-05,2.7,2,1
679912bf-ca6d-440c-a684-7039149beecf,10000407,2024-10-07,88.6,0,1
a8f24c27-53c1-4323-b95e-2ac6ff222c79,10000645,2025-01-03,61.7,0,0
c75bb8dc-06ed-4fa1-a374-7ad3aa09aa15,10000767,2024-09-16,93.7,4,7
c5d4fe94-1c93-468e-a43e-d6b7f6a2edb5,10000508,2025-02-04,79.6,0,0
9b72ad4c-0f88-4d75-ba87-5a9f70be9fb8,10000092,2025-01-09,78.4,1,0
723c4096-3b89-4c4b-af93-e61ea60e7cb4,10000422,2024-06-29,46.3,3,4
c4b37c45-b753-44d6-b3c1-5e28efd92f1a,10000567,2025-01-01,25.6,1,0
b3ec4866-d1ee-4003-b00e-72fbc9cc5070,10000988,2025-04-14,35.7,0,2
bf7770b4-644b-4cae-b4f8-b0848b661868,10000693,2025-07-01,84.3,0,1
8c7e2f08-5a5f-4879-956c-7859bf2190dc,10000285,2025-03-06,70.2,1,2
80e41ce7-f1f0-4bb8-ab85-daa2af54faa2,10000431,2025-10-14,68.7,2,1
1d7274dd-5de3-44c8-83a9-d1cb3220c15a,10000222,2024-08-24,35.0,1,0
d7d259dd-f71f-421e-b406-c7fa37be96a1,10000205,2025-04-26,85.6,1,1
4a840ee7-7825-4878-a9c9-ba9f0298631b,10000223,2024-06-01,67.1,2,1
a258b338-50c2-48e4-b72d-d5c9e126dfe4,10000897,2025-12-27,13.8,0,2
1ab60f95-363a-4a73-9e51-051e993a6c37,10000720,2025-06-26,57.8,2,0
63cfd009-a47b-4080-ba50-ecaab46bf39c,10000688,2025-01-25,82.3,8,8
75c9e083-a5c1-4a91-a86d-384ee6798a09,10000311,2024-08-23,24.9,1,1
397208f8-6bc6-43c4-a4d9-b3905000d723,10000738,2024-12-15,22.1,3,5
fd5fbc70-28ef-440f-b22d-2cdf709693d3,10000791,2025-09-09,38.7,0,0
e648f5a2-a254-4292-9f47-8ba3e5fe6af2,10000622,2025-10-15,93.3,1,1
c61a6bc7-37f1-46d1-87f4-63e5e61ff7f5,10000640,2024-11-04,12.9,0,1
b8ed2659-55c8-4e06-b371-33d6ba5d99f6,10000973,2024-07-07,13.1,0,0
5f2c229c-4326-46d8-888b-c642aa65c09c,10000988,2024-08-31,31.1,2,2
12614f9e-fdc6-4731-bec5-4bd933d9913e,10000264,2024-11-25,53.0,0,0
66e80f58-ac31-4d40-aea8-0a18a196c7f8,10000644,2024-05-05,52.2,5,6
2e2f2f94-bcbd-41dc-ad3f-cee0aa99d585,10000917,2024-09-27,52.0,1,2
e261bb6e-55b7-4089-bce0-025a147bb480,10000103,2024-08-23,84.8,1,2
9f16ae19-3898-4175-8368-f951c93954e2,10000690,2024-06-24,15.2,2,0
c6877976-8f2e-4d88-b9f1-ac6ef0deaf9d,10000481,2024-12-31,58.6,5,8
35a0531f-6b68-4d2b-89f5-d26bddc956b3,10000380,2025-05-20,58.4,0,1
8a73b75b-1a69-4554-a1d2-bdfd11dfaaec,10000340,2024-03-02,35.8,2,1
cbc2c641-297f-49aa-9413-5a428d9ce472,10000733,2025-05-06,56.3,2,2
7e4fc1a3-9a9e-412b-a703-0e4d9b73f6a5,10000524,2024-06-12,25.7,2,1
15f6c95b-1a1f-4e33-a17a-bb5e6e0df8dd,10000794,2025-05-21,37.9,1,2
65256387-51d4-4216-aa87-a850373122bb,10000832,2025-03-09,40.2,2,1
d852c261-fe15-4918-93fa-ab57297d944f,10000401,2025-02-16,92.8,0,0
4a0260a2-c619-45dd-ad41-9088fd25bae8,10000204,2024-06-24,18.5,1,0
e212a106-c035-4121-bfab-7da4263d2b47,10000565,2024-08-14,84.2,7,5
5a1c506a-6369-4401-b4a2-7194d107d133,10000277,2025-06-20,87.7,2,2
779e3329-a496-4335-841b-2f337b77709f,10000382,2024-06-06,16.6,0,0
74d61369-dcbd-4a45-aa58-767281ccf719,10000712,2025-03-02,73.3,2,1
ff7c314c-3777-45a4-b572-38d2e3aa43a7,10000718,2025-09-24,77.3,4,4
708ed5c9-3667-4cc0-b44d-b127d5ed021f,10000900,2025-03-31,93.9,7,3
3088ab74-8d79-4f0e-bf87-ff3d93e3d425,10000730,2024-06-26,3.3,1,1
32a609d2-35e6-4c93-b636-f58f14c7f719,10000076,2025-04-30,84.1,1,0
4706133d-fdb6-4191-90ce-5b8f557e3864,10000774,2025-04-08,38.3,2,2
6b913868-6c4a-41f0-9231-1a0570b5292d,10000789,2025-01-28,19.6,7,6
8b4a471f-efe1-4a2e-802f-0755a4a73405,10000425,2024-10-18,55.7,2,2
3c217627-4fd6-43c0-92d4-a7960eae5073,10000676,2024-05-06,50.6,7,3
16b54507-8e6d-4108-9815-085028d23365,10000766,2025-02-05,41.3,0,1
e6e2ecc3-169b-4944-900b-c32796824883,10000889,2024-07-09,63.9,0,2
bc0356d9-6531-4710-9db3-c747b97848b4,10000824,2024-09-16,35.8,0,0
74eab91c-db5f-4647-bf5c-a18bd3f7dab4,10000897,2025-07-27,12.2,0,2
629aeb9b-910b-4741-a555-dd81ccf17180,10000887,2024-07-16,48.9,0,1
3f2d36b0-d5fd-4506-8c67-0b7bb579d72f,10000312,2024-11-13,32.8,2,0
235f536f-8d09-4e06-9edd-8929c7abcce2,10000799,2024-06-10,27.2,2,0
f2c93cb4-ec8d-4e64-b6fd-5e2eab85c197,10000901,2024-11-12,46.5,4,3
999cdb37-a4b9-4398-b77e-8428cc2e0541,10000342,2025-04-20,94.8,1,0
da03233a-2629-45ed-8cbe-96bc19de5569,10000931,2025-09-30,40.1,8,6
21c8a563-7e3e-4f87-85d6-e398f023e736,10000083,2025-04-04,64.8,0,1
07984d69-c2bc-4755-a423-460e1b13e346,10000021,2025-05-29,91.8,2,0
cd0b5216-3c99-42e2-bc06-a70d4f0beed3,10000273,2025-05-24,63.7,1,2
b7c23aac-3e0a-4ad9-9209-4b3f27d2784e,10000063,2024-09-09,9.5,2,2
bc3d6446-1f79-4622-b3c2-b4c908d54238,10000338,2024-08-24,66.6,1,0
062bcb01-4f03-4994-b2b8-0238e09e027e,10000969,2024-11-25,12.3,0,1
d40ae998-10e1-4a34-ac72-d88fb7553de7,10000832,2025-06-08,23.5,0,1
2f5d4625-ba25-492f-b7b6-1b641342b65d,10000280,2024-09-11,39.1,1,2
4f66e452-6712-4af8-b7f9-214e0f32a71b,10000798,2025-10-12,64.9,0,1
21108684-3f3f-4518-bd96-e052791c9764,10000991,2024-07-31,14.7,1,1
666242a2-2573-4419-b7f6-0e22b99e3c3f,10000582,2024-08-04,27.4,0,2
9510800a-3e6f-4dab-865a-bc0c78b35741,10000936,2025-09-22,99.2,2,0
c1543818-dc72-4d84-a040-2bbea8698859,10000181,2025-01-09,53.2,7,7
044489ef-2bfa-4b52-98b1-f08d33471ac4,10000488,2025-06-21,9.2,2,0
3819911c-5932-4a62-93ee-4c217a43660a,10000697,2025-01-02,22.0,2,1
50d03ab2-889f-4ae0-a551-724099bd99d4,10000936,2025-07-16,5.7,1,0
6a8bb9d9-b996-4b2e-b33c-114060cd9269,10000999,2025-08-01,9.2,0,2
7758d454-6c16-4cac-a9cf-99498650c7a0,10000445,2024-01-12,44.0,1,2
a37975c6-242a-45bc-81fd-1b46c6bd728e,10000864,2025-04-07,44.3,1,0
1e85905a-a538-43ac-9a42-b72f8f72307e,10000449,2025-01-21,95.9,1,2
a19f6c90-7dcc-4817-91e8-6ba024eeb05d,10000127,2024-07-12,28.1,7,8
196bdb44-0bae-405d-a387-a96dac8b0bb7,10000029,2025-06-20,64.3,2,2
a3aca14a-a1aa-49dd-9e62-27670127274b,10000068,2025-02-10,86.2,7,8
22f6c810-6c14-4e23-82b6-7f3cb4aa6e3f,10000707,2025-02-08,44.9,6,6
bb54fd57-3323-4baa-8041-80afd092b40d,10000862,2025-04-09,87.5,2,0
cac2110b-ea95-4a44-948f-4a6202345bcd,10000875,2024-12-14,57.9,2,2
564b11e4-6fbc-41f9-a3d6-bea3d90f7068,10000054,2025-01-25,47.6,6,3
08b6c5ee-1395-43d9-9779-6c884987ba33,10000376,2024-10-22,61.0,8,6
da7d0167-d819-49d6-810c-cbf33eda706e,10000994,2024-10-20,5.0,0,2
e34e87fc-eaa2-4f2a-ac8f-3443e9ad64de,10000774,2024-08-02,18.8,2,2
8654daca-1dbe-4bea-a1c8-47252409215f,10000732,2024-05-30,21.2,1,1
49e53592-6013-4454-9122-7a54cc5269d3,10000265,2024-12-27,6.4,0,2
650ecd75-61d2-411b-bd24-e58d513a9a82,10000034,2025-07-28,51.9,1,2
0a82fed2-2b4d-4639-824a-227e69517632,10000294,2024-10-22,27.9,2,0
17cba652-8975-4f57-b9ec-01d0c768f76b,10000447,2025-03-26,53.9,6,6
8633bbf1-009a-46dd-be9a-b766ee6430fe,10000789,2025-03-24,68.9,5,5
a2ceb713-0826-47b8-bb19-e767a0352170,10000608,2025-07-24,94.5,0,0
3930f88d-69d5-4d13-8b38-18f5a84f8779,10000750,2025-07-24,7.8,7,3
af00ee5e-3acb-4a38-aff1-b5e6fa937247,10000494,2025-06-23,97.7,1,2
ec6f9827-6e82-44cc-8518-8df30acd6562,10000949,2025-07-10,27.4,0,2
7bcda7bb-831c-4227-a1c9-bba9cc477561,10000771,2025-05-17,8.5,1,2
7fc096bb-61f0-4619-a803-2f4195b1d457,10000707,2024-09-13,87.0,8,3
2a8c1a1a-88b0-405e-bb7b-b1ed4a50429f,10000594,2024-04-19,6.0,7,7
faeccdb4-e87e-4cdc-9b24-ae2c3d830d8d,10000955,2025-02-12,84.1,0,1
efb9db87-426d-4bc9-9c3d-12cddb80479c,10000762,2024-12-02,92.4,1,1
49d6355a-b3cd-47d9-910f-c800166eb66d,10000233,2024-10-21,47.0,2,2
e1ac9e45-49df-4517-a37e-2f8d33b2b6ad,10000751,2025-09-02,16.5,2,2
41efc037-8a17-41f9-90d7-8b490e89dc5c,10000789,2025-02-01,38.8,8,8
30f45672-6dc3-42bc-83ff-1ffd331a2fba,10000984,2024-06-12,34.5,1,0
b53da02f-9101-4d63-ad19-7e90a11b1fce,10000307,2025-03-30,82.0,1,1
f79fdfef-a6c5-4e6b-8692-cd9b04a135b3,10000813,2025-02-28,98.1,1,1
38a78e0d-5135-40e6-b6f3-4ae018dce6c7,10000276,2025-05-26,21.2,0,1
8390517c-fadb-4764-94e0-e07ec7202241,10000178,2024-04-12,13.1,0,0
fb869656-3ceb-4c89-a72f-a72e17283df3,10000879,2025-07-30,5.5,0,2
999fc4b0-8ed2-48f4-85f2-f2ab71284689,10000040,2025-04-14,46.5,2,2
d5e8e13b-593a-48ae-b42d-1b5a1aac361b,10000746,2025-06-25,72.7,0,1
8675ba5e-5a71-4a53-b04d-83add4b8c3ed,10000864,2025-01-19,29.3,0,2
8ae88899-5519-4273-a46c-018a52c8652d,10000061,2025-05-05,75.8,1,2
f147dc4f-7a61-4dd3-8a3a-7bf46a5eb67e,10000031,2025-02-27,10.8,1,1
75b40868-3257-4806-bdfd-9f31a28cf24b,10000049,2024-09-03,35.6,5,7
c6637a7f-4abd-4317-a792-39c251bb62a2,10000758,2024-11-02,3.0,1,0
cc75af00-bd28-4d13-85ef-2d97fa13bdfc,10000836,2025-01-22,50.3,1,2
2bd4642e-041f-47e5-8cf2-cd7c2810460d,10000758,2025-04-13,20.3,0,1
8f27e358-c5c5-4cb3-9080-f3184ca0f089,10000757,2024-06-20,87.5,2,1
0b784caa-580b-432f-92cb-e819da5220c5,10000114,2025-02-14,66.5,2,1
1400ee05-959d-40ce-9a61-e145353b9f36,10000390,2025-02-15,46.4,1,0
8a870c31-6407-440c-9f1c-87fb1d36d868,10000437,2025-05-09,49.3,2,1
362e8efc-5c78-4e66-b3ea-a6a29e0b8fbf,10000903,2025-03-28,15.4,2,2
8035269d-a303-4e7e-a541-a88adb6b257a,10000895,2025-02-20,48.3,0,2
d067fa4b-ec38-4fd0-a8cc-c518694cb645,10000398,2024-07-14,10.2,2,0
774d2862-9754-4a2a-af56-6df5bd960285,10000804,2025-05-18,18.9,2,1
b1408bd4-385f-4423-9604-2fdfc719a136,10000575,2025-02-19,60.7,2,0
84d35160-6129-4f9f-9c46-1624c7d66982,10000131,2024-08-30,68.7,0,1
033b058f-6929-4d39-93d5-c536c2f3e130,10000993,2024-06-05,67.8,0,1
be3d0fa2-f3e9-4a0e-a986-36d7ee1d6d91,10000485,2025-01-28,51.1,6,3
b31c4966-0bf0-483f-86b5-d6c1ddb9c569,10000573,2025-02-28,85.4,2,2
eacbac70-df46-428d-9f5f-d468eff0c460,10000543,2025-05-13,12.2,1,2
5b7f84d1-2cda-470a-8dfd-f44b24daaeda,10000721,2024-04-28,4.5,2,0
1921de5a-487e-4696-9513-afe2dc2af212,10000162,2024-10-29,83.6,0,2
bb365363-6fd4-45d9-99da-00ed67e66130,10000739,2025-04-23,58.0,3,8
e63bbfcc-6da4-49e7-967e-4c722349aec4,10000808,2024-11-01,91.1,0,2
9b99bf2b-a6ab-4902-afbe-70fb7bae653e,10000056,2025-01-10,40.9,2,2
41a276fb-10d1-4692-8308-730ab6a9ac93,10000026,2024-06-03,18.0,0,1
043dbb41-eeb8-4117-8fee-6a9bc343935b,10000377,2025-07-01,89.6,2,0
d470d521-fa84-4882-be8f-0781bbc5e53a,10000642,2024-07-26,55.3,1,0
37420cc1-81e3-4cb9-83e1-a6b50a33918f,10000082,2024-12-03,45.6,1,2
7b9a2b24-6896-44e2-947a-0127559555aa,10000977,2025-03-01,23.7,1,2
9e3039dd-66fe-45cb-b808-a42ee469aee2,10000930,2025-02-10,99.8,1,0
f6e2ca3e-c92b-4194-8197-5a0ebde0267c,10000570,2025-02-17,55.0,0,2
46f612e9-ade9-4616-9e5c-03af00924381,10000397,2025-01-28,15.7,0,2
884d8db1-88d1-4956-9422-f870b91eb182,10000842,2024-05-19,78.1,2,1
e53b6e35-59f0-45da-85b3-11541c9c8fae,10000527,2025-02-17,98.3,1,1
3c321055-9b13-4c2c-a58d-bb38538c814f,10000285,2024-12-14,57.4,0,1
0323bef3-0498-4822-9ca9-9108b4a57e1a,10000352,2025-04-13,33.4,0,1
3597594c-589e-4a6a-8a2c-7a1133b841c6,10000609,2025-02-12,25.4,2,0
de4ae9d4-3a08-4144-862f-5d3919147d71,10000035,2025-01-05,92.3,7,5
cbd0fe8b-6dc7-4a71-992a-73da8f5407eb,10000300,2024-09-18,65.0,1,0
1b97ef01-b8ea-4f62-98fb-0b6123f64760,10000452,2024-12-08,59.7,2,2
99daed02-f283-47d6-99b0-9b466a9a4db0,10000585,2025-04-19,48.2,0,1
5feef1cf-c031-46fd-8b97-6e0ee6a192b1,10000070,2025-04-30,97.2,2,1
35225573-3fd2-473d-a92e-892f50c97769,10000123,2024-12-02,37.7,0,2
f5df99a8-e170-47d3-85fa-1690a37871f8,10000106,2025-03-04,83.6,2,0
4eaf934f-ca36-456f-a9b6-0d2ba3ccbdd1,10000632,2025-02-10,47.1,8,8
1a7f80ee-d48f-44de-9b29-92c80a3a43d4,10000385,2025-01-13,7.4,1,1
af469903-d790-4e62-9b47-67c34acce95e,10000177,2024-11-05,20.8,0,2
1fac83e9-d35f-409f-9dfa-b0dcd543e6d9,10000070,2024-10-29,66.6,2,0
6c5ee055-5d78-4ac4-bceb-b93ef21fd09e,10000177,2024-11-04,81.1,2,0
c1466a67-7058-4a8a-bc25-8e953a60a807,10000615,2024-11-28,8.4,0,1
161e165e-22f0-4ca3-a75b-e8bf4b33d295,10000597,2024-11-09,24.5,1,2
16611bab-956d-482e-9cf5-5573a49a1f0d,10000789,2025-09-09,82.9,6,5
bcf9756d-c1d7-422f-9e00-6aa232d10117,10000631,2024-12-29,84.0,0,0
518304dd-fd16-45fc-afa4-a348abcdc70b,10000373,2025-01-30,98.6,2,0
74f27425-d1a7-4d08-ae4f-5787561238ed,10000666,2025-01-22,21.9,0,0
7f0f2efd-eb0c-4c5c-88d5-663e0fd6f666,10000307,2024-11-17,52.0,0,0
38e2b2c7-2f70-4e0a-8011-f216186f0759,10000702,2025-05-05,45.0,1,1
79785d22-c226-4d7f-834d-8acdc58ca555,10000972,2024-05-26,19.5,1,0
dc0f4d83-3056-4bf9-b5c4-60dd752a41c5,10000814,2024-05-27,35.9,1,1
de204382-4b96-4c21-bc0a-cb7b232e7a47,10000157,2024-07-20,40.9,2,1
315c9d02-9670-4f82-9a68-105fd49e875c,10000820,2024-07-20,81.5,1,1
bb47694c-97ad-4a69-91a8-1105149c2444,10000639,2025-04-20,52.0,1,1
3c3b5ded-8dbf-4068-8c68-9fe805db4eb8,10000199,2024-12-25,68.5,1,2
936af21a-cad5-4a12-ba13-e4481200aea2,10000040,2024-12-09,94.4,1,2
9ee578bf-572d-4acd-8667-56e84d525d79,10000819,2025-02-17,49.9,2,2
b6896a7b-ec90-4d42-838e-4dddf4d442f3,10000712,2025-01-15,99.0,1,2
a37c91f7-5aa9-4243-8d82-5290e927c379,10000422,2024-12-01,35.7,7,3
