policy_id,customer_id,state,zip_code,age,vehicle_year,policy_start_date,policy_end_date,monthly_premium_usd,has_telematics_subscription
10000001,CUST-000001,PA,17266,61,2024,2024-01-31,2025-01-30,92.74,False
10000002,CUST-000002,NY,14225,37,2023,2024-12-05,2025-12-05,204.46,False
10000003,CUST-000003,PA,17076,52,2017,2024-03-05,2025-03-05,248.32,True
10000004,CUST-000004,NY,10140,50,2023,2024-10-06,2025-10-06,189.78,False
10000005,CUST-000005,NY,12116,52,2018,2024-08-28,2025-08-28,136.7,False
10000006,CUST-000006,NY,14223,42,2015,2024-12-12,2025-12-12,214.29,True
10000007,CUST-000007,CT,19263,26,2021,2024-08-21,2025-08-21,106.74,True
10000008,CUST-000008,PA,15272,48,2015,2024-09-18,2025-09-18,168.14,False
10000009,CUST-000009,PA,16992,32,2025,2024-10-26,2025-10-26,211.76,False
10000010,CUST-000010,NY,14205,55,2016,2024-04-12,2025-04-12,137.1,True
10000011,CUST-000011,NY,14219,36,2020,2024-11-21,2025-11-21,212.39,True
10000012,CUST-000012,NY,10342,43,2022,2024-03-15,2025-03-15,322.0,True
10000013,CUST-000013,NY,10264,43,2025,2024-02-07,2025-02-06,252.26,True
10000014,CUST-000014,NY,10174,50,2018,2024-03-17,2025-03-17,264.03,False
10000015,CUST-000015,OH,17887,51,2019,2024-05-10,2025-05-10,217.87,False
10000016,CUST-000016,NY,14213,28,2017,2024-02-19,2025-02-18,88.2,True
10000017,CUST-000017,OH,17189,30,2017,2024-10-06,2025-10-06,228.7,True
10000018,CUST-000018,CT,18823,50,2017,2024-05-07,2025-05-07,82.02,True
10000019,CUST-000019,OH,15163,54,2018,2024-04-16,2025-04-16,197.94,True
10000020,CUST-000020,OH,18451,31,2024,2024-02-16,2025-02-15,264.68,True
10000021,CUST-000021,PA,17904,51,2017,2024-11-19,2025-11-19,181.28,True
10000022,CUST-000022,NY,14214,41,2019,2024-03-16,2025-03-16,234.95,False
10000023,CUST-000023,CT,17638,48,2025,2024-12-28,2025-12-28,106.77,False
10000024,CUST-000024,NY,14215,47,2016,2024-11-27,2025-11-27,236.76,False
10000025,CUST-000025,NY,12873,27,2018,2024-04-03,2025-04-03,129.63,True
10000026,CUST-000026,NY,10379,56,2023,2024-05-30,2025-05-30,275.4,True
10000027,CUST-000027,CT,16462,72,2019,2024-07-06,2025-07-06,145.59,True
10000028,CUST-000028,CT,19569,39,2020,2024-02-02,2025-02-01,203.9,True
10000029,CUST-000029,NY,14221,37,2021,2024-08-03,2025-08-03,169.05,True
10000030,CUST-000030,NY,10092,61,2023,2024-10-29,2025-10-29,160.45,True
10000031,CUST-000031,OH,16632,45,2018,2024-04-15,2025-04-15,154.25,True
10000032,CUST-000032,NY,13083,60,2016,2024-06-23,2025-06-23,140.56,True
10000033,CUST-000033,OH,18645,42,2024,2024-05-28,2025-05-28,165.7,True
10000034,CUST-000034,PA,15927,60,2023,2024-11-16,2025-11-16,199.43,True
10000035,CUST-000035,PA,15818,47,2021,2024-03-04,2025-03-04,145.52,True
10000036,CUST-000036,NY,13477,58,2021,2024-06-28,2025-06-28,204.69,False
10000037,CUST-000037,NY,10467,29,2021,2024-08-28,2025-08-28,154.58,True
10000038,CUST-000038,NY,10425,38,2019,2024-06-03,2025-06-03,284.43,False
10000039,CUST-000039,NY,10069,41,2020,2024-02-15,2025-02-14,182.7,False
10000040,CUST-000040,NY,14210,33,2016,2024-10-30,2025-10-30,202.08,True
10000041,CUST-000041,NY,10350,40,2022,2024-08-17,2025-08-17,298.53,True
10000042,CUST-000042,NY,14203,56,2019,2024-01-09,2025-01-08,93.53,False
10000043,CUST-000043,NY,14228,51,2023,2024-06-14,2025-06-14,95.94,True
10000044,CUST-000044,NY,10136,32,2024,2024-02-27,2025-02-26,333.29,True
10000045,CUST-000045,PA,17948,35,2016,2024-10-08,2025-10-08,144.12,False
10000046,CUST-000046,NY,13374,35,2019,2024-08-28,2025-08-28,242.72,False
10000047,CUST-000047,OH,19126,33,2020,2024-12-02,2025-12-02,236.36,True
10000048,CUST-000048,NY,10357,26,2017,2024-04-23,2025-04-23,129.61,True
10000049,CUST-000049,OH,18230,59,2024,2024-03-29,2025-03-29,183.27,True
10000050,CUST-000050,OH,18110,26,2018,2024-09-21,2025-09-21,159.85,True
10000051,CUST-000051,PA,16945,47,2017,2024-12-08,2025-12-08,244.14,False
10000052,CUST-000052,NY,10189,46,2017,2024-06-17,2025-06-17,263.72,True
10000053,CUST-000053,NY,10034,52,2025,2024-06-04,2025-06-04,338.34,False
10000054,CUST-000054,PA,18080,62,2022,2024-03-11,2025-03-11,245.94,True
10000055,CUST-000055,NY,10253,41,2017,2024-04-30,2025-04-30,135.46,True
10000056,CUST-000056,NY,10164,68,2023,2024-11-05,2025-11-05,320.01,True
10000057,CUST-000057,NY,10023,36,2019,2024-05-22,2025-05-22,279.54,True
10000058,CUST-000058,CT,19046,50,2021,2024-01-17,2025-01-16,93.55,True
10000059,CUST-000059,NY,10284,51,2017,2024-11-09,2025-11-09,131.7,False
10000060,CUST-000060,NY,14208,53,2022,2024-02-24,2025-02-23,249.64,True
10000061,CUST-000061,NY,14217,47,2019,2024-11-12,2025-11-12,81.59,True
10000062,CUST-000062,OH,16911,45,2019,2024-02-14,2025-02-13,188.84,True
10000063,CUST-000063,NY,14203,35,2021,2024-05-01,2025-05-01,232.2,True
10000064,CUST-000064,PA,17241,37,2021,2024-09-03,2025-09-03,113.38,True
10000065,CUST-000065,OH,17218,49,2021,2024-11-30,2025-11-30,201.81,True
10000066,CUST-000066,NY,10213,46,2025,2024-08-25,2025-08-25,294.24,True
10000067,CUST-000067,NY,14215,54,2021,2024-04-07,2025-04-07,94.64,False
10000068,CUST-000068,NY,10422,43,2015,2024-06-09,2025-06-09,210.95,True
10000069,CUST-000069,NY,14226,47,2019,2024-07-27,2025-07-27,195.93,False
10000070,CUST-000070,NY,10333,18,2024,2024-08-21,2025-08-21,550.27,True
10000071,CUST-000071,OH,17905,60,2018,2024-11-22,2025-11-22,114.82,True
10000072,CUST-000072,PA,19469,44,2017,2024-12-27,2025-12-27,224.85,True
10000073,CUST-000073,NY,10400,53,2023,2024-01-04,2025-01-03,181.78,False
10000074,CUST-000074,NY,10233,57,2015,2024-06-18,2025-06-18,174.72,True
10000075,CUST-000075,NY,14207,18,2018,2024-12-18,2025-12-18,193.07,True
10000076,CUST-000076,NY,14214,44,2019,2024-10-15,2025-10-15,100.38,True
10000077,CUST-000077,NY,14217,44,2025,2024-01-07,2025-01-06,149.07,False
10000078,CUST-000078,OH,16443,35,2022,2024-06-15,2025-06-15,174.83,False
10000079,CUST-000079,OH,17174,51,2021,2024-04-09,2025-04-09,80.22,False
10000080,CUST-000080,NY,10115,67,2019,2024-10-18,2025-10-18,264.24,True
10000081,CUST-000081,NY,14219,41,2017,2024-09-19,2025-09-19,232.01,False
10000082,CUST-000082,PA,15670,38,2024,2024-08-23,2025-08-23,185.52,True
10000083,CUST-000083,OH,17246,43,2023,2024-08-12,2025-08-12,126.25,True
10000084,CUST-000084,NY,10367,41,2019,2024-06-22,2025-06-22,206.32,False
10000085,CUST-000085,PA,17579,58,2017,2024-06-28,2025-06-28,121.81,True
10000086,CUST-000086,NY,12057,52,2021,2024-09-22,2025-09-22,157.22,False
10000087,CUST-000087,NY,10128,32,2020,2024-03-01,2025-03-01,218.03,True
10000088,CUST-000088,NY,14219,66,2023,2024-08-21,2025-08-21,138.04,True
10000089,CUST-000089,NY,14210,37,2015,2024-12-12,2025-12-12,75.73,True
10000090,CUST-000090,OH,15083,37,2022,2024-04-27,2025-04-27,225.3,False
10000091,CUST-000091,CT,17422,69,2025,2024-07-10,2025-07-10,273.8,True
10000092,CUST-000092,NY,13183,59,2023,2024-12-07,2025-12-07,99.91,True
10000093,CUST-000093,CT,16558,27,2021,2024-12-09,2025-12-09,95.56,True
10000094,CUST-000094,NY,10111,50,2025,2024-05-05,2025-05-05,225.21,True
10000095,CUST-000095,NY,10446,63,2015,2024-08-25,2025-08-25,349.64,False
10000096,CUST-000096,OH,16971,53,2017,2024-11-03,2025-11-03,109.99,True
10000097,CUST-000097,OH,17349,46,2020,2024-04-25,2025-04-25,98.53,True
10000098,CUST-000098,NY,10066,36,2016,2024-02-15,2025-02-14,256.58,True
10000099,CUST-000099,OH,17908,53,2024,2024-10-17,2025-10-17,222.01,False
10000100,CUST-000100,NY,10364,18,2017,2024-10-26,2025-10-26,464.29,True
10000101,CUST-000101,PA,17005,54,2021,2024-07-05,2025-07-05,186.24,True
10000102,CUST-000102,NY,14208,41,2015,2024-09-10,2025-09-10,169.05,False
10000103,CUST-000103,NY,13078,61,2019,2024-05-21,2025-05-21,206.55,True
10000104,CUST-000104,NY,10220,52,2019,2024-06-19,2025-06-19,188.5,False
10000105,CUST-000105,CT,18311,27,2022,2024-12-07,2025-12-07,145.85,True
10000106,CUST-000106,NY,10286,54,2025,2024-07-23,2025-07-23,360.06,True
10000107,CUST-000107,OH,18457,31,2024,2024-12-25,2025-12-25,278.15,True
10000108,CUST-000108,OH,15268,56,2015,2024-05-12,2025-05-12,192.28,False
10000109,CUST-000109,OH,17729,52,2023,2024-02-10,2025-02-09,239.17,True
10000110,CUST-000110,OH,17798,48,2019,2024-05-22,2025-05-22,136.89,False
10000111,CUST-000111,OH,17429,33,2025,2024-04-19,2025-04-19,284.96,True
10000112,CUST-000112,NY,14214,54,2025,2024-04-06,2025-04-06,133.94,False
10000113,CUST-000113,PA,18186,32,2018,2024-02-15,2025-02-14,219.94,True
10000114,CUST-000114,PA,18714,57,2019,2024-09-19,2025-09-19,79.85,True
10000115,CUST-000115,NY,13622,53,2022,2024-07-04,2025-07-04,108.67,True
10000116,CUST-000116,NY,10421,52,2016,2024-10-15,2025-10-15,164.87,True
10000117,CUST-000117,NY,14221,60,2022,2024-09-10,2025-09-10,166.16,False
10000118,CUST-000118,OH,16186,52,2024,2024-06-26,2025-06-26,114.75,False
10000119,CUST-000119,NY,14206,74,2018,2024-04-04,2025-04-04,248.72,False
10000120,CUST-000120,NY,13738,64,2021,2024-01-22,2025-01-21,219.04,False
10000121,CUST-000121,NY,14213,55,2019,2024-08-10,2025-08-10,150.9,True
10000122,CUST-000122,NY,14203,49,2017,2024-08-18,2025-08-18,88.4,True
10000123,CUST-000123,NY,14222,19,2024,2024-02-06,2025-02-05,402.66,True
10000124,CUST-000124,NY,10190,39,2025,2024-11-30,2025-11-30,281.71,False
10000125,CUST-000125,NY,10247,56,2021,2024-09-29,2025-09-29,136.78,True
10000126,CUST-000126,NY,10036,56,2022,2024-08-09,2025-08-09,249.66,True
10000127,CUST-000127,NY,12230,39,2019,2024-02-04,2025-02-03,156.15,True
10000128,CUST-000128,NY,14214,40,2025,2024-05-25,2025-05-25,134.24,True
10000129,CUST-000129,NY,12403,53,2018,2024-11-10,2025-11-10,233.37,True
10000130,CUST-000130,NY,10119,46,2020,2024-06-29,2025-06-29,234.29,True
10000131,CUST-000131,NY,14204,31,2019,2024-02-18,2025-02-17,115.94,True
10000132,CUST-000132,CT,17489,34,2015,2024-07-17,2025-07-17,131.9,False
10000133,CUST-000133,NY,14225,44,2021,2024-11-05,2025-11-05,98.81,False
10000134,CUST-000134,NY,13321,25,2025,2024-07-21,2025-07-21,159.14,False
10000135,CUST-000135,NY,14222,44,2021,2024-02-19,2025-02-18,127.5,True
10000136,CUST-000136,NY,12381,47,2025,2024-04-18,2025-04-18,166.89,False
10000137,CUST-000137,NY,14203,43,2023,2024-07-22,2025-07-22,154.29,True
10000138,CUST-000138,NY,14228,59,2019,2024-03-05,2025-03-05,86.49,True
10000139,CUST-000139,NY,10225,38,2020,2024-04-25,2025-04-25,164.51,True
10000140,CUST-000140,CT,19186,48,2018,2024-11-26,2025-11-26,247.04,True
10000141,CUST-000141,CT,18699,47,2025,2024-07-06,2025-07-06,203.27,True
10000142,CUST-000142,NY,10128,52,2016,2024-03-26,2025-03-26,211.28,False
10000143,CUST-000143,NY,14204,48,2017,2024-08-20,2025-08-20,92.95,False
10000144,CUST-000144,OH,15589,32,2023,2024-03-25,2025-03-25,137.62,True
10000145,CUST-000145,NY,10385,39,2017,2024-07-15,2025-07-15,127.1,False
10000146,CUST-000146,NY,10010,45,2023,2024-03-03,2025-03-03,104.76,False
10000147,CUST-000147,OH,16233,28,2021,2024-03-01,2025-03-01,242.14,True
10000148,CUST-000148,NY,14207,52,2025,2024-04-04,2025-04-04,167.5,True
10000149,CUST-000149,NY,10073,49,2018,2024-08-20,2025-08-20,221.49,False
10000150,CUST-000150,OH,18879,37,2025,2024-09-19,2025-09-19,228.13,True
10000151,CUST-000151,NY,14204,52,2022,2024-05-06,2025-05-06,213.2,True
10000152,CUST-000152,NY,14222,43,2020,2024-08-13,2025-08-13,129.09,True
10000153,CUST-000153,CT,15810,38,2016,2024-08-02,2025-08-02,159.88,True
10000154,CUST-000154,NY,10099,46,2022,2024-04-03,2025-04-03,149.9,True
10000155,CUST-000155,NY,10256,51,2025,2024-12-23,2025-12-23,381.07,True
10000156,CUST-000156,NY,10062,47,2019,2024-07-03,2025-07-03,249.13,True
10000157,CUST-000157,CT,18000,68,2020,2024-05-24,2025-05-24,228.43,True
10000158,CUST-000158,OH,16528,52,2025,2024-06-02,2025-06-02,175.4,True
10000159,CUST-000159,NY,10053,58,2019,2024-10-11,2025-10-11,102.74,False
10000160,CUST-000160,NY,14222,29,2025,2024-07-20,2025-07-20,188.66,True
10000161,CUST-000161,CT,15296,67,2021,2024-07-01,2025-07-01,86.74,True
10000162,CUST-000162,OH,16125,45,2016,2024-03-12,2025-03-12,79.68,True
10000163,CUST-000163,PA,19176,30,2023,2024-11-10,2025-11-10,129.05,True
10000164,CUST-000164,NY,13362,61,2023,2024-10-07,2025-10-07,228.31,False
10000165,CUST-000165,NY,14212,43,2023,2024-01-13,2025-01-12,229.1,False
10000166,CUST-000166,NY,14210,47,2023,2024-04-25,2025-04-25,136.13,False
10000167,CUST-000167,PA,19265,37,2022,2024-03-28,2025-03-28,77.85,False
10000168,CUST-000168,PA,19367,27,2017,2024-06-14,2025-06-14,233.24,False
10000169,CUST-000169,NY,14221,61,2017,2024-06-11,2025-06-11,245.03,True
10000170,CUST-000170,NY,13241,49,2022,2024-01-20,2025-01-19,105.19,False
10000171,CUST-000171,NY,10347,26,2021,2024-04-25,2025-04-25,315.16,False
10000172,CUST-000172,NY,14209,45,2020,2024-06-20,2025-06-20,143.25,True
10000173,CUST-000173,NY,13225,65,2024,2024-01-18,2025-01-17,248.85,True
10000174,CUST-000174,PA,17643,48,2017,2024-04-24,2025-04-24,191.39,True
10000175,CUST-000175,NY,14217,46,2023,2024-02-12,2025-02-11,188.45,True
10000176,CUST-000176,NY,12875,62,2021,2024-03-24,2025-03-24,111.3,True
10000177,CUST-000177,NY,14225,41,2017,2024-09-07,2025-09-07,106.82,True
10000178,CUST-000178,NY,14218,48,2016,2024-04-06,2025-04-06,230.86,True
10000179,CUST-000179,NY,10004,47,2024,2024-06-06,2025-06-06,174.55,True
10000180,CUST-000180,NY,10375,47,2018,2024-07-09,2025-07-09,184.44,False
10000181,CUST-000181,CT,17230,47,2017,2024-10-27,2025-10-27,239.11,True
10000182,CUST-000182,PA,18124,48,2022,2024-08-19,2025-08-19,187.24,False
10000183,CUST-000183,OH,16435,48,2018,2024-02-23,2025-02-22,218.89,True
10000184,CUST-000184,CT,16019,40,2025,2024-04-03,2025-04-03,178.96,False
10000185,CUST-000185,PA,17328,56,2023,2024-02-01,2025-01-31,215.45,True
10000186,CUST-000186,NY,14211,42,2023,2024-03-09,2025-03-09,215.29,True
10000187,CUST-000187,CT,19497,43,2022,2024-02-10,2025-02-09,176.75,True
10000188,CUST-000188,NY,10466,51,2021,2024-02-12,2025-02-11,232.18,False
10000189,CUST-000189,NY,10193,36,2021,2024-12-10,2025-12-10,304.02,False
10000190,CUST-000190,NY,10449,45,2017,2024-05-28,2025-05-28,144.49,True
10000191,CUST-000191,NY,14218,29,2025,2024-09-21,2025-09-21,89.23,True
10000192,CUST-000192,PA,15518,37,2019,2024-08-02,2025-08-02,138.86,True
10000193,CUST-000193,NY,12140,43,2025,2024-01-08,2025-01-07,126.16,False
10000194,CUST-000194,NY,13676,43,2015,2024-06-03,2025-06-03,160.62,False
10000195,CUST-000195,NY,10301,49,2018,2024-06-17,2025-06-17,155.35,True
10000196,CUST-000196,PA,18459,44,2020,2024-07-16,2025-07-16,233.64,True
10000197,CUST-000197,NY,13334,21,2017,2024-10-10,2025-10-10,115.13,True
10000198,CUST-000198,NY,10329,49,2020,2024-06-22,2025-06-22,113.33,True
10000199,CUST-000199,OH,17875,31,2024,2024-05-15,2025-05-15,219.91,True
10000200,CUST-000200,NY,14225,30,2018,2024-01-11,2025-01-10,161.17,False
10000201,CUST-000201,NY,14204,38,2019,2024-10-13,2025-10-13,204.07,True
10000202,CUST-000202,OH,16770,44,2020,2024-12-14,2025-12-14,96.78,True
10000203,CUST-000203,NY,10114,60,2024,2024-05-09,2025-05-09,426.17,False
10000204,CUST-000204,NY,10425,30,2025,2024-03-06,2025-03-06,123.43,True
10000205,CUST-000205,CT,16547,43,2018,2024-05-05,2025-05-05,80.99,True
10000206,CUST-000206,CT,17634,39,2016,2024-02-02,2025-02-01,191.47,False
10000207,CUST-000207,PA,17292,34,2019,2024-08-09,2025-08-09,80.0,True
10000208,CUST-000208,PA,19569,38,2016,2024-09-04,2025-09-04,132.95,False
10000209,CUST-000209,NY,10182,39,2025,2024-07-06,2025-07-06,252.58,False
10000210,CUST-000210,NY,14222,60,2017,2024-07-09,2025-07-09,210.41,False
10000211,CUST-000211,OH,17579,50,2016,2024-05-10,2025-05-10,237.9,True
10000212,CUST-000212,PA,19383,46,2017,2024-07-11,2025-07-11,243.16,False
10000213,CUST-000213,PA,18499,47,2024,2024-08-28,2025-08-28,122.0,True
10000214,CUST-000214,NY,10333,67,2018,2024-07-03,2025-07-03,248.63,True
10000215,CUST-000215,NY,14220,53,2022,2024-09-14,2025-09-14,78.96,False
10000216,CUST-000216,OH,16364,69,2016,2024-04-20,2025-04-20,177.88,False
10000217,CUST-000217,NY,12788,55,2022,2024-08-26,2025-08-26,197.68,False
10000218,CUST-000218,OH,16589,45,2021,2024-06-01,2025-06-01,144.33,True
10000219,CUST-000219,NY,13121,34,2025,2024-05-12,2025-05-12,150.64,False
10000220,CUST-000220,OH,18401,47,2019,2024-07-25,2025-07-25,99.0,False
10000221,CUST-000221,OH,17912,26,2024,2024-12-25,2025-12-25,231.18,False
10000222,CUST-000222,NY,10028,44,2021,2024-03-06,2025-03-06,264.6,True
10000223,CUST-000223,NY,12171,64,2021,2024-01-04,2025-01-03,110.64,True
10000224,CUST-000224,NY,12244,35,2024,2024-05-17,2025-05-17,257.36,True
10000225,CUST-000225,PA,15733,44,2025,2024-05-09,2025-05-09,203.13,True
10000226,CUST-000226,NY,10028,33,2022,2024-12-21,2025-12-21,323.04,True
10000227,CUST-000227,NY,10415,34,2016,2024-10-31,2025-10-31,220.25,True
10000228,CUST-000228,NY,14215,71,2016,2024-09-20,2025-09-20,196.23,True
10000229,CUST-000229,NY,13389,29,2015,2024-10-18,2025-10-18,143.73,True
10000230,CUST-000230,NY,10266,47,2023,2024-06-23,2025-06-23,275.84,True
10000231,CUST-000231,NY,14210,55,2019,2024-11-09,2025-11-09,187.87,True
10000232,CUST-000232,CT,18759,53,2016,2024-08-20,2025-08-20,103.66,True
10000233,CUST-000233,NY,14209,31,2016,2024-09-08,2025-09-08,186.68,True
10000234,CUST-000234,NY,14212,50,2025,2024-10-26,2025-10-26,120.98,True
10000235,CUST-000235,NY,10221,62,2019,2024-11-28,2025-11-28,141.88,True
10000236,CUST-000236,NY,12818,70,2021,2024-11-14,2025-11-14,99.06,True
10000237,CUST-000237,NY,14204,51,2024,2024-09-14,2025-09-14,229.92,True
10000238,CUST-000238,NY,10307,35,2017,2024-03-20,2025-03-20,136.87,False
10000239,CUST-000239,NY,10305,32,2018,2024-08-26,2025-08-26,229.43,True
10000240,CUST-000240,PA,17268,68,2018,2024-02-13,2025-02-12,193.51,True
10000241,CUST-000241,NY,10008,44,2018,2024-10-30,2025-10-30,246.51,True
10000242,CUST-000242,CT,18025,37,2025,2024-03-25,2025-03-25,287.26,False
10000243,CUST-000243,PA,16453,26,2021,2024-11-16,2025-11-16,132.81,False
10000244,CUST-000244,NY,10165,52,2017,2024-02-05,2025-02-04,108.55,False
10000245,CUST-000245,CT,18562,40,2025,2024-07-07,2025-07-07,123.06,True
10000246,CUST-000246,OH,18925,60,2020,2024-04-27,2025-04-27,191.63,True
10000247,CUST-000247,NY,13769,62,2018,2024-05-30,2025-05-30,167.54,True
10000248,CUST-000248,PA,15167,51,2019,2024-06-17,2025-06-17,233.04,True
10000249,CUST-000249,NY,14205,33,2015,2024-04-25,2025-04-25,80.9,False
10000250,CUST-000250,NY,10181,49,2024,2024-10-26,2025-10-26,358.42,True
10000251,CUST-000251,NY,14213,41,2018,2024-10-02,2025-10-02,187.47,True
10000252,CUST-000252,NY,14215,51,2021,2024-04-24,2025-04-24,121.37,True
10000253,CUST-000253,PA,19385,52,2021,2024-11-13,2025-11-13,82.42,True
10000254,CUST-000254,NY,14212,55,2016,2024-08-13,2025-08-13,138.08,True
10000255,CUST-000255,OH,17059,41,2015,2024-07-09,2025-07-09,118.83,False
10000256,CUST-000256,OH,15148,52,2021,2024-02-03,2025-02-02,141.64,False
10000257,CUST-000257,CT,16206,23,2018,2024-11-04,2025-11-04,179.25,True
10000258,CUST-000258,PA,18536,34,2017,2024-04-11,2025-04-11,113.54,False
10000259,CUST-000259,CT,16784,36,2016,2024-05-31,2025-05-31,214.8,True
10000260,CUST-000260,OH,19145,43,2025,2024-08-07,2025-08-07,244.56,True
10000261,CUST-000261,NY,13644,56,2019,2024-11-22,2025-11-22,191.51,False
10000262,CUST-000262,NY,10417,44,2025,2024-11-03,2025-11-03,144.4,False
10000263,CUST-000263,CT,19469,50,2019,2024-04-09,2025-04-09,200.42,True
10000264,CUST-000264,NY,10390,48,2025,2024-02-11,2025-02-10,156.87,True
10000265,CUST-000265,OH,17048,33,2020,2024-05-06,2025-05-06,138.03,True
10000266,CUST-000266,NY,10462,45,2015,2024-03-12,2025-03-12,321.06,True
10000267,CUST-000267,NY,14211,48,2015,2024-08-11,2025-08-11,219.05,True
10000268,CUST-000268,NY,13533,42,2018,2024-09-29,2025-09-29,248.27,True
10000269,CUST-000269,PA,17895,35,2024,2024-05-06,2025-05-06,129.06,False
10000270,CUST-000270,OH,18691,37,2023,2024-04-20,2025-04-20,154.06,True
10000271,CUST-000271,NY,10301,62,2025,2024-11-27,2025-11-27,356.7,True
10000272,CUST-000272,NY,12482,53,2016,2024-07-15,2025-07-15,116.76,True
10000273,CUST-000273,NY,10128,46,2017,2024-07-21,2025-07-21,115.63,True
10000274,CUST-000274,NY,10184,18,2022,2024-12-24,2025-12-24,198.65,True
10000275,CUST-000275,NY,14207,43,2024,2024-10-01,2025-10-01,162.33,True
10000276,CUST-000276,OH,15621,39,2017,2024-09-14,2025-09-14,163.73,True
10000277,CUST-000277,OH,15186,53,2019,2024-11-20,2025-11-20,232.39,True
10000278,CUST-000278,NY,10264,60,2022,2024-02-19,2025-02-18,168.27,True
10000279,CUST-000279,NY,10037,33,2024,2024-10-28,2025-10-28,121.53,False
10000280,CUST-000280,NY,12887,51,2018,2024-09-03,2025-09-03,103.88,True
10000281,CUST-000281,NY,10005,54,2021,2024-08-10,2025-08-10,330.17,True
10000282,CUST-000282,CT,18824,51,2025,2024-07-18,2025-07-18,124.45,False
10000283,CUST-000283,NY,10119,36,2023,2024-10-24,2025-10-24,152.78,True
10000284,CUST-000284,PA,15080,18,2015,2024-02-24,2025-02-23,326.32,True
10000285,CUST-000285,OH,15511,44,2024,2024-06-17,2025-06-17,205.13,True
10000286,CUST-000286,NY,10201,51,2020,2024-12-16,2025-12-16,229.13,True
10000287,CUST-000287,OH,17940,49,2017,2024-10-15,2025-10-15,246.89,True
10000288,CUST-000288,NY,14202,43,2022,2024-11-06,2025-11-06,224.36,False
10000289,CUST-000289,NY,12507,58,2022,2024-04-28,2025-04-28,127.18,False
10000290,CUST-000290,NY,14215,28,2023,2024-12-26,2025-12-26,174.77,False
10000291,CUST-000291,NY,14228,49,2018,2024-10-27,2025-10-27,148.82,True
10000292,CUST-000292,NY,14227,49,2019,2024-06-14,2025-06-14,149.01,False
10000293,CUST-000293,NY,12154,34,2019,2024-05-21,2025-05-21,191.88,True
10000294,CUST-000294,NY,13140,53,2021,2024-01-18,2025-01-17,129.51,True
10000295,CUST-000295,NY,14222,40,2018,2024-11-27,2025-11-27,168.07,False
10000296,CUST-000296,NY,14203,41,2016,2024-02-17,2025-02-16,248.87,True
10000297,CUST-000297,PA,19095,63,2020,2024-08-10,2025-08-10,238.19,False
10000298,CUST-000298,CT,18264,41,2017,2024-08-04,2025-08-04,95.43,True
10000299,CUST-000299,NY,14201,52,2019,2024-12-04,2025-12-04,229.51,False
10000300,CUST-000300,NY,14221,29,2019,2024-08-16,2025-08-16,133.99,True
10000301,CUST-000301,OH,15249,39,2021,2024-06-25,2025-06-25,200.16,True
10000302,CUST-000302,NY,14225,20,2025,2024-06-21,2025-06-21,174.83,True
10000303,CUST-000303,NY,13589,70,2024,2024-09-30,2025-09-30,174.11,False
10000304,CUST-000304,CT,17956,54,2016,2024-04-20,2025-04-20,118.96,True
10000305,CUST-000305,NY,14213,40,2023,2024-03-29,2025-03-29,219.48,False
10000306,CUST-000306,NY,10399,47,2024,2024-09-20,2025-09-20,284.23,True
10000307,CUST-000307,OH,15972,30,2021,2024-04-21,2025-04-21,98.53,True
10000308,CUST-000308,PA,17387,44,2025,2024-11-29,2025-11-29,100.43,False
10000309,CUST-000309,PA,15752,45,2025,2024-10-27,2025-10-27,115.64,True
10000310,CUST-000310,NY,12543,73,2024,2024-11-21,2025-11-21,234.88,True
10000311,CUST-000311,NY,14211,42,2024,2024-08-02,2025-08-02,95.2,True
10000312,CUST-000312,NY,14212,46,2015,2024-06-20,2025-06-20,180.67,True
10000313,CUST-000313,PA,18620,66,2021,2024-06-10,2025-06-10,211.42,True
10000314,CUST-000314,NY,14206,29,2019,2024-11-26,2025-11-26,119.88,False
10000315,CUST-000315,NY,10363,47,2019,2024-09-01,2025-09-01,232.33,True
10000316,CUST-000316,OH,18387,36,2017,2024-10-30,2025-10-30,220.64,False
10000317,CUST-000317,PA,17994,21,2015,2024-11-06,2025-11-06,376.91,True
10000318,CUST-000318,PA,15758,32,2019,2024-09-08,2025-09-08,203.97,True
10000319,CUST-000319,NY,10405,30,2017,2024-07-10,2025-07-10,237.51,True
10000320,CUST-000320,NY,10467,40,2017,2024-01-13,2025-01-12,222.82,False
10000321,CUST-000321,NY,10376,55,2015,2024-10-28,2025-10-28,345.12,False
10000322,CUST-000322,NY,14204,57,2024,2024-11-09,2025-11-09,214.19,True
10000323,CUST-000323,NY,10039,45,2023,2024-04-30,2025-04-30,220.6,True
10000324,CUST-000324,NY,10203,41,2015,2024-11-17,2025-11-17,110.06,True
10000325,CUST-000325,PA,17295,27,2020,2024-02-13,2025-02-12,172.32,True
10000326,CUST-000326,CT,18724,41,2024,2024-04-30,2025-04-30,194.5,True
10000327,CUST-000327,CT,17132,61,2016,2024-12-03,2025-12-03,239.96,True
10000328,CUST-000328,NY,13645,30,2021,2024-03-09,2025-03-09,209.71,True
10000329,CUST-000329,CT,17609,26,2016,2024-09-04,2025-09-04,162.68,False
10000330,CUST-000330,NY,10209,51,2019,2024-03-19,2025-03-19,317.92,False
10000331,CUST-000331,OH,16737,44,2025,2024-02-18,2025-02-17,243.66,True
10000332,CUST-000332,NY,14203,49,2022,2024-04-18,2025-04-18,161.51,False
10000333,CUST-000333,OH,19474,35,2022,2024-06-28,2025-06-28,100.05,True
10000334,CUST-000334,CT,17395,52,2015,2024-04-13,2025-04-13,108.12,True
10000335,CUST-000335,PA,18979,57,2024,2024-09-22,2025-09-22,158.06,False
10000336,CUST-000336,NY,10221,54,2022,2024-05-07,2025-05-07,262.32,True
10000337,CUST-000337,PA,17547,39,2023,2024-12-03,2025-12-03,127.62,True
10000338,CUST-000338,NY,10172,33,2015,2024-06-03,2025-06-03,257.28,True
10000339,CUST-000339,NY,14207,41,2023,2024-03-17,2025-03-17,110.49,False
10000340,CUST-000340,NY,14216,51,2019,2024-01-12,2025-01-11,205.25,True
10000341,CUST-000341,NY,10440,37,2019,2024-01-22,2025-01-21,303.14,True
10000342,CUST-000342,NY,14213,25,2020,2024-06-01,2025-06-01,166.29,True
10000343,CUST-000343,CT,19627,52,2025,2024-01-27,2025-01-26,152.3,False
10000344,CUST-000344,CT,18041,24,2023,2024-07-16,2025-07-16,226.54,True
10000345,CUST-000345,NY,12904,50,2020,2024-03-07,2025-03-07,166.26,True
10000346,CUST-000346,NY,14219,51,2024,2024-11-11,2025-11-11,275.93,True
10000347,CUST-000347,NY,13661,52,2015,2024-02-08,2025-02-07,146.68,True
10000348,CUST-000348,NY,14227,45,2022,2024-09-21,2025-09-21,93.46,True
10000349,CUST-000349,OH,17750,42,2025,2024-07-30,2025-07-30,200.87,False
10000350,CUST-000350,NY,10397,45,2021,2024-03-29,2025-03-29,149.87,False
10000351,CUST-000351,PA,15881,45,2023,2024-07-05,2025-07-05,203.78,False
10000352,CUST-000352,NY,14210,32,2023,2024-12-06,2025-12-06,132.26,True
10000353,CUST-000353,NY,10059,48,2021,2024-06-10,2025-06-10,120.39,True
10000354,CUST-000354,NY,10313,43,2018,2024-08-30,2025-08-30,199.88,True
10000355,CUST-000355,NY,14225,62,2025,2024-01-02,2025-01-01,205.79,True
10000356,CUST-000356,NY,10023,40,2015,2024-12-24,2025-12-24,172.76,True
10000357,CUST-000357,NY,12070,37,2021,2024-08-23,2025-08-23,143.04,False
10000358,CUST-000358,NY,14216,57,2021,2024-12-02,2025-12-02,127.67,False
10000359,CUST-000359,OH,17290,50,2017,2024-02-02,2025-02-01,231.49,False
10000360,CUST-000360,PA,16743,52,2022,2024-01-23,2025-01-22,131.64,False
10000361,CUST-000361,PA,16092,54,2019,2024-02-12,2025-02-11,128.43,False
10000362,CUST-000362,NY,14224,49,2015,2024-03-26,2025-03-26,113.42,False
10000363,CUST-000363,NY,13548,35,2025,2024-01-08,2025-01-07,168.62,True
10000364,CUST-000364,PA,15985,69,2023,2024-05-11,2025-05-11,159.05,False
10000365,CUST-000365,NY,14220,47,2020,2024-02-14,2025-02-13,94.67,True
10000366,CUST-000366,NY,14204,32,2022,2024-12-14,2025-12-14,173.03,True
10000367,CUST-000367,NY,10138,30,2021,2024-08-07,2025-08-07,319.52,True
10000368,CUST-000368,OH,15856,33,2021,2024-02-29,2025-02-28,96.79,True
10000369,CUST-000369,NY,14218,44,2015,2024-03-13,2025-03-13,219.19,False
10000370,CUST-000370,OH,19123,55,2019,2024-08-14,2025-08-14,102.83,False
10000371,CUST-000371,NY,14204,50,2021,2024-10-23,2025-10-23,99.37,False
10000372,CUST-000372,PA,18752,53,2020,2024-10-13,2025-10-13,193.39,False
10000373,CUST-000373,NY,14226,48,2025,2024-08-19,2025-08-19,151.65,True
10000374,CUST-000374,PA,17758,30,2018,2024-09-26,2025-09-26,97.58,False
10000375,CUST-000375,NY,13401,46,2021,2024-04-05,2025-04-05,198.3,True
10000376,CUST-000376,NY,14220,59,2021,2024-10-12,2025-10-12,106.92,True
10000377,CUST-000377,NY,14207,49,2024,2024-09-22,2025-09-22,163.72,True
10000378,CUST-000378,NY,14209,60,2024,2024-06-07,2025-06-07,90.51,True
10000379,CUST-000379,OH,17473,49,2025,2024-09-11,2025-09-11,138.72,True
10000380,CUST-000380,NY,13519,28,2016,2024-09-30,2025-09-30,182.78,True
10000381,CUST-000381,NY,14224,48,2021,2024-02-18,2025-02-17,221.92,True
10000382,CUST-000382,CT,19549,38,2016,2024-01-25,2025-01-24,108.68,True
10000383,CUST-000383,CT,18214,45,2016,2024-05-28,2025-05-28,247.51,True
10000384,CUST-000384,PA,15679,64,2025,2024-02-01,2025-01-31,238.97,True
10000385,CUST-000385,NY,12508,35,2020,2024-04-16,2025-04-16,204.76,True
10000386,CUST-000386,NY,14201,34,2023,2024-03-18,2025-03-18,233.16,True
10000387,CUST-000387,NY,14217,44,2024,2024-09-14,2025-09-14,161.75,True
10000388,CUST-000388,CT,16014,61,2023,2024-11-26,2025-11-26,78.81,False
10000389,CUST-000389,NY,10200,22,2017,2024-05-30,2025-05-30,269.38,False
10000390,CUST-000390,CT,17327,48,2024,2024-10-29,2025-10-29,266.99,True
10000391,CUST-000391,PA,17175,46,2024,2024-03-31,2025-03-31,234.62,False
10000392,CUST-000392,NY,10200,40,2017,2024-05-07,2025-05-07,289.23,True
10000393,CUST-000393,CT,19520,47,2017,2024-12-24,2025-12-24,241.43,False
10000394,CUST-000394,NY,13538,54,2022,2024-03-04,2025-03-04,117.54,True
10000395,CUST-000395,NY,10235,54,2016,2024-10-15,2025-10-15,197.85,True
10000396,CUST-000396,NY,12425,29,2018,2024-09-09,2025-09-09,165.22,False
10000397,CUST-000397,NY,12446,33,2021,2024-04-24,2025-04-24,159.68,True
10000398,CUST-000398,NY,10459,36,2021,2024-04-28,2025-04-28,330.68,True
10000399,CUST-000399,CT,15920,34,2017,2024-02-01,2025-01-31,121.6,False
10000400,CUST-000400,NY,10428,50,2023,2024-06-10,2025-06-10,271.09,True
10000401,CUST-000401,NY,10272,48,2019,2024-03-31,2025-03-31,290.17,True
10000402,CUST-000402,PA,16452,52,2017,2024-06-15,2025-06-15,204.52,False
10000403,CUST-000403,OH,18195,52,2020,2024-11-29,2025-11-29,216.71,True
10000404,CUST-000404,NY,10431,40,2025,2024-02-17,2025-02-16,181.2,False
10000405,CUST-000405,PA,16532,73,2023,2024-01-09,2025-01-08,183.54,True
10000406,CUST-000406,OH,17868,65,2018,2024-05-30,2025-05-30,168.4,True
10000407,CUST-000407,NY,14214,35,2020,2024-09-25,2025-09-25,183.28,True
10000408,CUST-000408,NY,14203,56,2017,2024-04-09,2025-04-09,240.88,True
10000409,CUST-000409,CT,16964,43,2015,2024-09-02,2025-09-02,242.41,True
10000410,CUST-000410,NY,14218,38,2025,2024-05-07,2025-05-07,89.24,True
10000411,CUST-000411,NY,14219,38,2021,2024-10-03,2025-10-03,243.82,True
10000412,CUST-000412,NY,10351,49,2024,2024-12-27,2025-12-27,395.77,False
10000413,CUST-000413,NY,10082,41,2024,2024-10-12,2025-10-12,149.41,True
10000414,CUST-000414,NY,14223,48,2024,2024-12-29,2025-12-29,125.55,False
10000415,CUST-000415,NY,10410,52,2019,2024-04-08,2025-04-08,205.96,False
10000416,CUST-000416,NY,13543,40,2023,2024-09-10,2025-09-10,160.7,True
10000417,CUST-000417,NY,14220,39,2020,2024-07-17,2025-07-17,215.89,True
10000418,CUST-000418,NY,14215,45,2022,2024-05-03,2025-05-03,239.58,False
10000419,CUST-000419,NY,14214,47,2015,2024-01-16,2025-01-15,180.48,False
10000420,CUST-000420,NY,12488,53,2016,2024-03-29,2025-03-29,190.79,True
10000421,CUST-000421,PA,18833,43,2023,2024-02-20,2025-02-19,95.11,True
10000422,CUST-000422,CT,19578,54,2019,2024-04-11,2025-04-11,162.26,True
10000423,CUST-000423,NY,10026,51,2021,2024-07-18,2025-07-18,278.62,True
10000424,CUST-000424,NY,13196,37,2017,2024-08-30,2025-08-30,123.46,False
10000425,CUST-000425,NY,10334,31,2018,2024-08-04,2025-08-04,126.43,True
10000426,CUST-000426,CT,16529,35,2025,2024-01-03,2025-01-02,286.87,True
10000427,CUST-000427,NY,14209,62,2025,2024-10-26,2025-10-26,275.74,False
10000428,CUST-000428,PA,16353,45,2016,2024-12-08,2025-12-08,193.6,True
10000429,CUST-000429,PA,18857,55,2020,2024-10-04,2025-10-04,100.64,False
10000430,CUST-000430,NY,12544,35,2020,2024-05-02,2025-05-02,246.32,True
10000431,CUST-000431,NY,13190,57,2022,2024-11-17,2025-11-17,105.76,True
10000432,CUST-000432,PA,19437,37,2016,2024-08-23,2025-08-23,246.16,True
10000433,CUST-000433,CT,15035,49,2022,2024-09-01,2025-09-01,130.65,True
10000434,CUST-000434,OH,17464,46,2018,2024-11-09,2025-11-09,166.89,True
10000435,CUST-000435,OH,17521,43,2022,2024-10-24,2025-10-24,185.79,False
10000436,CUST-000436,OH,16069,50,2020,2024-09-19,2025-09-19,240.71,False
10000437,CUST-000437,NY,10444,33,2020,2024-06-16,2025-06-16,272.12,True
10000438,CUST-000438,OH,17495,66,2017,2024-06-05,2025-06-05,184.54,True
10000439,CUST-000439,PA,19483,59,2020,2024-09-13,2025-09-13,239.49,True
10000440,CUST-000440,NY,14203,59,2015,2024-04-07,2025-04-07,246.43,False
10000441,CUST-000441,NY,10026,47,2017,2024-06-25,2025-06-25,124.32,True
10000442,CUST-000442,PA,19335,31,2018,2024-09-27,2025-09-27,235.28,True
10000443,CUST-000443,NY,10295,38,2023,2024-07-23,2025-07-23,222.1,True
10000444,CUST-000444,NY,14206,53,2019,2024-06-16,2025-06-16,175.35,False
10000445,CUST-000445,CT,17486,33,2025,2024-01-03,2025-01-02,190.32,True
10000446,CUST-000446,NY,10341,55,2018,2024-07-31,2025-07-31,190.31,True
10000447,CUST-000447,NY,10253,41,2019,2024-08-10,2025-08-10,212.07,True
10000448,CUST-000448,CT,18765,33,2019,2024-07-09,2025-07-09,150.04,True
10000449,CUST-000449,NY,14223,54,2024,2024-02-01,2025-01-31,85.39,True
10000450,CUST-000450,NY,14210,57,2017,2024-11-23,2025-11-23,188.11,True
10000451,CUST-000451,NY,14228,45,2018,2024-08-10,2025-08-10,109.88,True
10000452,CUST-000452,NY,13230,24,2021,2024-09-23,2025-09-23,256.31,True
10000453,CUST-000453,NY,10468,46,2022,2024-08-18,2025-08-18,259.48,False
10000454,CUST-000454,CT,16491,30,2016,2024-06-27,2025-06-27,173.11,False
10000455,CUST-000455,CT,19237,66,2019,2024-10-28,2025-10-28,112.85,True
10000456,CUST-000456,NY,10066,64,2015,2024-09-25,2025-09-25,318.38,True
10000457,CUST-000457,PA,19403,46,2021,2024-05-21,2025-05-21,109.57,True
10000458,CUST-000458,NY,14224,42,2022,2024-12-04,2025-12-04,146.48,False
10000459,CUST-000459,NY,12163,50,2016,2024-09-20,2025-09-20,105.89,True
10000460,CUST-000460,NY,14227,72,2017,2024-07-29,2025-07-29,155.45,True
10000461,CUST-000461,NY,12494,37,2022,2024-04-18,2025-04-18,90.88,True
10000462,CUST-000462,CT,18797,30,2021,2024-11-07,2025-11-07,89.78,True
10000463,CUST-000463,OH,19011,55,2019,2024-10-25,2025-10-25,152.78,True
10000464,CUST-000464,PA,17031,46,2016,2024-09-29,2025-09-29,127.5,True
10000465,CUST-000465,OH,17909,50,2020,2024-05-13,2025-05-13,82.37,True
10000466,CUST-000466,OH,17889,42,2025,2024-12-08,2025-12-08,111.46,True
10000467,CUST-000467,CT,18456,32,2024,2024-11-06,2025-11-06,130.27,True
10000468,CUST-000468,NY,14203,51,2020,2024-09-22,2025-09-22,172.94,True
10000469,CUST-000469,NY,10001,18,2018,2024-12-09,2025-12-09,372.72,True
10000470,CUST-000470,NY,14225,58,2021,2024-11-19,2025-11-19,202.47,True
10000471,CUST-000471,PA,19573,45,2015,2024-04-26,2025-04-26,215.62,False
10000472,CUST-000472,NY,14217,33,2022,2024-01-15,2025-01-14,204.0,True
10000473,CUST-000473,NY,10274,45,2021,2024-05-20,2025-05-20,212.5,True
10000474,CUST-000474,NY,14224,49,2019,2024-06-27,2025-06-27,152.66,True
10000475,CUST-000475,NY,14222,49,2023,2024-07-29,2025-07-29,227.02,True
10000476,CUST-000476,NY,13121,41,2021,2024-08-01,2025-08-01,127.5,False
10000477,CUST-000477,CT,18668,37,2015,2024-10-05,2025-10-05,228.84,False
10000478,CUST-000478,PA,19179,51,2018,2024-11-06,2025-11-06,182.3,False
10000479,CUST-000479,NY,10425,48,2016,2024-04-23,2025-04-23,129.36,True
10000480,CUST-000480,NY,14224,56,2020,2024-01-27,2025-01-26,215.61,True
10000481,CUST-000481,NY,14219,44,2019,2024-04-19,2025-04-19,204.42,True
10000482,CUST-000482,NY,10047,65,2022,2024-02-10,2025-02-09,209.74,True
10000483,CUST-000483,NY,14216,51,2022,2024-03-26,2025-03-26,247.84,True
10000484,CUST-000484,CT,18538,54,2024,2024-12-26,2025-12-26,173.15,False
10000485,CUST-000485,CT,16453,71,2023,2024-03-30,2025-03-30,239.43,True
10000486,CUST-000486,NY,14228,33,2021,2024-11-07,2025-11-07,146.56,True
10000487,CUST-000487,OH,17391,43,2024,2024-12-01,2025-12-01,160.87,True
10000488,CUST-000488,NY,12821,36,2015,2024-07-15,2025-07-15,91.46,True
10000489,CUST-000489,NY,10334,31,2018,2024-01-07,2025-01-06,223.38,True
10000490,CUST-000490,NY,12681,45,2020,2024-06-10,2025-06-10,114.71,True
10000491,CUST-000491,CT,18050,26,2024,2024-11-24,2025-11-24,144.93,True
10000492,CUST-000492,OH,15442,26,2019,2024-07-18,2025-07-18,112.88,False
10000493,CUST-000493,NY,14219,57,2021,2024-12-21,2025-12-21,222.58,True
10000494,CUST-000494,PA,18988,39,2025,2024-10-21,2025-10-21,126.64,True
10000495,CUST-000495,NY,10349,43,2016,2024-02-10,2025-02-09,257.93,True
10000496,CUST-000496,NY,14224,66,2024,2024-11-18,2025-11-18,290.49,True
10000497,CUST-000497,NY,10246,41,2017,2024-06-16,2025-06-16,132.69,True
10000498,CUST-000498,PA,17171,38,2020,2024-09-22,2025-09-22,184.02,True
10000499,CUST-000499,NY,12100,45,2016,2024-09-07,2025-09-07,131.26,True
10000500,CUST-000500,NY,14223,53,2016,2024-01-30,2025-01-29,152.13,False
10000501,CUST-000501,NY,12875,50,2022,2024-09-30,2025-09-30,141.61,True
10000502,CUST-000502,NY,10360,47,2016,2024-10-24,2025-10-24,128.33,False
10000503,CUST-000503,NY,10464,49,2021,2024-04-23,2025-04-23,189.12,False
10000504,CUST-000504,NY,12351,49,2016,2024-10-05,2025-10-05,210.23,True
10000505,CUST-000505,OH,16558,38,2017,2024-09-25,2025-09-25,88.27,True
10000506,CUST-000506,NY,12603,18,2015,2024-11-23,2025-11-23,312.86,True
10000507,CUST-000507,NY,14215,42,2021,2024-12-14,2025-12-14,135.63,True
10000508,CUST-000508,NY,12543,28,2025,2024-06-22,2025-06-22,256.73,True
10000509,CUST-000509,PA,15616,44,2024,2024-10-19,2025-10-19,121.49,False
10000510,CUST-000510,PA,17137,46,2018,2024-11-25,2025-11-25,141.39,True
10000511,CUST-000511,NY,10329,55,2024,2024-05-23,2025-05-23,367.18,True
10000512,CUST-000512,CT,15979,40,2017,2024-08-27,2025-08-27,179.03,False
10000513,CUST-000513,NY,12361,52,2017,2024-01-20,2025-01-19,111.67,True
10000514,CUST-000514,PA,16901,42,2025,2024-08-19,2025-08-19,152.35,False
10000515,CUST-000515,PA,17371,59,2016,2024-06-05,2025-06-05,241.42,True
10000516,CUST-000516,NY,12043,32,2024,2024-01-05,2025-01-04,214.24,True
10000517,CUST-000517,NY,14221,62,2019,2024-05-26,2025-05-26,184.09,True
10000518,CUST-000518,NY,12475,46,2019,2024-01-09,2025-01-08,236.23,True
10000519,CUST-000519,PA,19546,46,2024,2024-09-26,2025-09-26,252.54,False
10000520,CUST-000520,CT,18881,41,2018,2024-05-02,2025-05-02,92.54,False
10000521,CUST-000521,NY,13090,30,2019,2024-05-19,2025-05-19,168.09,True
10000522,CUST-000522,OH,18054,54,2024,2024-11-28,2025-11-28,192.64,True
10000523,CUST-000523,OH,17714,39,2021,2024-05-18,2025-05-18,197.64,False
10000524,CUST-000524,CT,19124,52,2025,2024-04-07,2025-04-07,193.42,True
10000525,CUST-000525,NY,14203,48,2021,2024-07-23,2025-07-23,153.04,True
10000526,CUST-000526,NY,13133,38,2019,2024-01-26,2025-01-25,110.31,True
10000527,CUST-000527,NY,14212,44,2017,2024-04-06,2025-04-06,209.3,True
10000528,CUST-000528,OH,18254,43,2019,2024-06-12,2025-06-12,80.72,True
10000529,CUST-000529,OH,16073,50,2025,2024-10-10,2025-10-10,106.06,True
10000530,CUST-000530,NY,12913,23,2017,2024-11-13,2025-11-13,233.64,True
10000531,CUST-000531,NY,10343,54,2015,2024-03-12,2025-03-12,333.03,False
10000532,CUST-000532,NY,10331,58,2018,2024-06-23,2025-06-23,244.44,False
10000533,CUST-000533,PA,18920,36,2022,2024-08-29,2025-08-29,137.73,True
10000534,CUST-000534,NY,14210,36,2020,2024-03-17,2025-03-17,96.23,True
10000535,CUST-000535,NY,12385,33,2024,2024-05-10,2025-05-10,138.51,False
10000536,CUST-000536,NY,13206,36,2016,2024-09-26,2025-09-26,229.27,False
10000537,CUST-000537,NY,14217,33,2018,2024-05-30,2025-05-30,148.63,False
10000538,CUST-000538,CT,17735,53,2024,2024-05-23,2025-05-23,237.36,False
10000539,CUST-000539,NY,14208,56,2023,2024-01-05,2025-01-04,200.62,True
10000540,CUST-000540,PA,15491,46,2016,2024-01-16,2025-01-15,93.87,False
10000541,CUST-000541,CT,18156,24,2017,2024-11-26,2025-11-26,169.6,True
10000542,CUST-000542,PA,17610,53,2024,2024-08-05,2025-08-05,236.51,True
10000543,CUST-000543,NY,14205,49,2019,2024-09-02,2025-09-02,140.19,True
10000544,CUST-000544,PA,19391,56,2023,2024-03-18,2025-03-18,207.75,False
10000545,CUST-000545,NY,10283,25,2021,2024-08-03,2025-08-03,286.55,True
10000546,CUST-000546,CT,18996,47,2015,2024-03-15,2025-03-15,192.36,True
10000547,CUST-000547,NY,13870,32,2021,2024-11-13,2025-11-13,162.7,True
10000548,CUST-000548,NY,10172,29,2017,2024-11-22,2025-11-22,287.66,True
10000549,CUST-000549,NY,14219,39,2024,2024-07-17,2025-07-17,138.37,False
10000550,CUST-000550,NY,13423,51,2017,2024-03-06,2025-03-06,128.72,False
10000551,CUST-000551,NY,14225,26,2019,2024-02-05,2025-02-04,93.98,False
10000552,CUST-000552,NY,10397,47,2020,2024-06-23,2025-06-23,192.71,True
10000553,CUST-000553,NY,13025,34,2018,2024-09-16,2025-09-16,180.78,True
10000554,CUST-000554,OH,15002,43,2017,2024-09-24,2025-09-24,157.32,True
10000555,CUST-000555,NY,10100,48,2021,2024-08-18,2025-08-18,141.75,False
10000556,CUST-000556,NY,14223,59,2015,2024-12-22,2025-12-22,236.82,False
10000557,CUST-000557,NY,13165,48,2024,2024-08-14,2025-08-14,154.99,True
10000558,CUST-000558,NY,10295,36,2015,2024-10-31,2025-10-31,185.67,True
10000559,CUST-000559,NY,10368,53,2024,2024-12-27,2025-12-27,256.91,False
10000560,CUST-000560,NY,13636,43,2020,2024-04-21,2025-04-21,231.36,False
10000561,CUST-000561,NY,14228,61,2025,2024-11-10,2025-11-10,267.14,True
10000562,CUST-000562,CT,16665,36,2020,2024-06-05,2025-06-05,247.85,False
10000563,CUST-000563,NY,13153,67,2023,2024-10-25,2025-10-25,81.84,False
10000564,CUST-000564,CT,18945,30,2017,2024-08-13,2025-08-13,202.86,True
10000565,CUST-000565,OH,17155,37,2023,2024-08-07,2025-08-07,231.04,True
10000566,CUST-000566,OH,17288,57,2016,2024-05-01,2025-05-01,86.61,False
10000567,CUST-000567,NY,10047,26,2019,2024-12-20,2025-12-20,250.41,True
10000568,CUST-000568,NY,14202,36,2015,2024-10-11,2025-10-11,77.48,True
10000569,CUST-000569,NY,14210,37,2025,2024-08-12,2025-08-12,242.25,False
10000570,CUST-000570,NY,10034,47,2017,2024-04-06,2025-04-06,324.5,True
10000571,CUST-000571,OH,18088,39,2017,2024-05-02,2025-05-02,237.78,True
10000572,CUST-000572,PA,15801,53,2023,2024-07-01,2025-07-01,96.87,True
10000573,CUST-000573,NY,13700,35,2025,2024-05-16,2025-05-16,100.26,True
10000574,CUST-000574,OH,16950,28,2016,2024-07-27,2025-07-27,234.19,True
10000575,CUST-000575,NY,14218,27,2025,2024-11-21,2025-11-21,232.01,True
10000576,CUST-000576,NY,14211,30,2025,2024-06-14,2025-06-14,237.62,True
10000577,CUST-000577,OH,18562,51,2015,2024-10-15,2025-10-15,208.47,False
10000578,CUST-000578,PA,17141,51,2016,2024-12-22,2025-12-22,150.97,False
10000579,CUST-000579,OH,16968,43,2020,2024-05-29,2025-05-29,87.03,True
10000580,CUST-000580,NY,14217,72,2022,2024-08-06,2025-08-06,224.52,True
10000581,CUST-000581,NY,10223,34,2019,2024-11-23,2025-11-23,271.67,True
10000582,CUST-000582,NY,14226,57,2017,2024-06-03,2025-06-03,174.8,True
10000583,CUST-000583,NY,12436,18,2015,2024-09-01,2025-09-01,318.53,True
10000584,CUST-000584,OH,15582,63,2017,2024-06-27,2025-06-27,194.4,False
10000585,CUST-000585,PA,15121,46,2017,2024-05-19,2025-05-19,181.77,True
10000586,CUST-000586,OH,15670,46,2022,2024-08-30,2025-08-30,171.94,False
10000587,CUST-000587,NY,14227,43,2015,2024-01-05,2025-01-04,77.82,False
10000588,CUST-000588,NY,14213,39,2016,2024-04-13,2025-04-13,149.73,True
10000589,CUST-000589,NY,14223,57,2025,2024-07-10,2025-07-10,113.77,True
10000590,CUST-000590,NY,14223,36,2019,2024-02-13,2025-02-12,236.21,True
10000591,CUST-000591,OH,17015,40,2019,2024-05-28,2025-05-28,217.4,True
10000592,CUST-000592,NY,13777,25,2023,2024-09-09,2025-09-09,113.65,False
10000593,CUST-000593,NY,14204,37,2019,2024-05-10,2025-05-10,202.51,False
10000594,CUST-000594,NY,12689,63,2024,2024-02-25,2025-02-24,97.31,True
10000595,CUST-000595,OH,17866,34,2017,2024-08-15,2025-08-15,193.18,True
10000596,CUST-000596,OH,15853,33,2017,2024-07-17,2025-07-17,104.0,False
10000597,CUST-000597,CT,15643,55,2022,2024-07-23,2025-07-23,76.37,True
10000598,CUST-000598,PA,16546,56,2017,2024-03-01,2025-03-01,230.97,False
10000599,CUST-000599,OH,19404,37,2020,2024-07-28,2025-07-28,200.42,True
10000600,CUST-000600,NY,14212,34,2017,2024-10-19,2025-10-19,170.41,True
10000601,CUST-000601,NY,13162,35,2025,2024-11-15,2025-11-15,239.31,True
10000602,CUST-000602,OH,18208,50,2018,2024-03-08,2025-03-08,82.2,True
10000603,CUST-000603,NY,12901,30,2017,2024-08-10,2025-08-10,163.36,False
10000604,CUST-000604,OH,18858,53,2015,2024-06-12,2025-06-12,92.94,True
10000605,CUST-000605,NY,14221,36,2019,2024-06-20,2025-06-20,200.19,False
10000606,CUST-000606,NY,14210,28,2020,2024-08-14,2025-08-14,78.37,True
10000607,CUST-000607,NY,10417,37,2017,2024-06-12,2025-06-12,244.28,True
10000608,CUST-000608,NY,10409,39,2016,2024-11-02,2025-11-02,131.5,True
10000609,CUST-000609,CT,18051,41,2025,2024-11-16,2025-11-16,271.51,True
10000610,CUST-000610,NY,10408,30,2025,2024-04-21,2025-04-21,406.97,False
10000611,CUST-000611,NY,14225,43,2019,2024-11-23,2025-11-23,144.77,True
10000612,CUST-000612,NY,10280,64,2018,2024-05-06,2025-05-06,160.67,True
10000613,CUST-000613,NY,12867,41,2015,2024-03-09,2025-03-09,149.24,True
10000614,CUST-000614,OH,17467,27,2022,2024-02-05,2025-02-04,235.18,True
10000615,CUST-000615,NY,14225,32,2024,2024-08-23,2025-08-23,259.17,True
10000616,CUST-000616,NY,14228,40,2021,2024-10-21,2025-10-21,159.27,False
10000617,CUST-000617,NY,12140,59,2018,2024-01-05,2025-01-04,182.48,True
10000618,CUST-000618,PA,17983,46,2016,2024-01-22,2025-01-21,75.89,False
10000619,CUST-000619,CT,15633,52,2015,2024-03-06,2025-03-06,133.24,False
10000620,CUST-000620,CT,17622,63,2016,2024-04-14,2025-04-14,241.71,False
10000621,CUST-000621,NY,10257,54,2021,2024-01-09,2025-01-08,175.08,True
10000622,CUST-000622,OH,18246,56,2018,2024-11-28,2025-11-28,158.86,True
10000623,CUST-000623,NY,10307,43,2016,2024-08-09,2025-08-09,218.33,True
10000624,CUST-000624,OH,16042,45,2024,2024-03-21,2025-03-21,135.3,True
10000625,CUST-000625,OH,16116,52,2022,2024-04-13,2025-04-13,84.27,True
10000626,CUST-000626,OH,17699,38,2018,2024-05-04,2025-05-04,78.3,False
10000627,CUST-000627,NY,14203,37,2016,2024-12-10,2025-12-10,230.24,True
10000628,CUST-000628,NY,13412,39,2022,2024-10-03,2025-10-03,171.15,False
10000629,CUST-000629,NY,10035,68,2019,2024-07-24,2025-07-24,170.03,True
10000630,CUST-000630,NY,14224,31,2022,2024-03-08,2025-03-08,188.99,False
10000631,CUST-000631,NY,10287,42,2022,2024-01-17,2025-01-16,305.04,True
10000632,CUST-000632,PA,18641,57,2020,2024-12-20,2025-12-20,204.44,True
10000633,CUST-000633,NY,14222,25,2025,2024-06-18,2025-06-18,235.35,True
10000634,CUST-000634,NY,12964,44,2023,2024-02-05,2025-02-04,231.45,False
10000635,CUST-000635,NY,10464,40,2021,2024-02-01,2025-01-31,291.1,True
10000636,CUST-000636,CT,15898,30,2019,2024-07-17,2025-07-17,220.93,True
10000637,CUST-000637,NY,13460,65,2024,2024-06-27,2025-06-27,142.5,True
10000638,CUST-000638,NY,14226,61,2018,2024-05-06,2025-05-06,217.42,True
10000639,CUST-000639,CT,16029,20,2024,2024-09-03,2025-09-03,355.0,True
10000640,CUST-000640,NY,13439,58,2016,2024-05-16,2025-05-16,200.18,True
10000641,CUST-000641,NY,14204,63,2025,2024-12-20,2025-12-20,129.87,False
10000642,CUST-000642,NY,13520,28,2019,2024-07-23,2025-07-23,151.74,True
10000643,CUST-000643,OH,15186,51,2017,2024-08-19,2025-08-19,225.9,False
10000644,CUST-000644,NY,10126,42,2024,2024-03-30,2025-03-30,311.45,True
10000645,CUST-000645,NY,14223,44,2016,2024-08-11,2025-08-11,136.13,True
10000646,CUST-000646,NY,13763,46,2017,2024-02-08,2025-02-07,175.2,True
10000647,CUST-000647,NY,10208,46,2021,2024-09-10,2025-09-10,184.55,True
10000648,CUST-000648,NY,14211,37,2017,2024-07-03,2025-07-03,171.31,False
10000649,CUST-000649,NY,14209,49,2024,2024-09-07,2025-09-07,119.8,True
10000650,CUST-000650,NY,10135,60,2016,2024-03-06,2025-03-06,260.03,True
10000651,CUST-000651,PA,16774,46,2016,2024-08-17,2025-08-17,156.91,True
10000652,CUST-000652,OH,17159,43,2022,2024-03-04,2025-03-04,201.51,False
10000653,CUST-000653,OH,19393,39,2018,2024-12-23,2025-12-23,105.81,True
10000654,CUST-000654,NY,13642,53,2018,2024-03-16,2025-03-16,77.08,True
10000655,CUST-000655,CT,17678,34,2019,2024-03-29,2025-03-29,122.55,True
10000656,CUST-000656,OH,16978,66,2021,2024-01-27,2025-01-26,212.05,True
10000657,CUST-000657,OH,18421,42,2022,2024-12-06,2025-12-06,92.61,True
10000658,CUST-000658,NY,14211,29,2017,2024-06-05,2025-06-05,184.52,True
10000659,CUST-000659,PA,18868,36,2021,2024-06-25,2025-06-25,80.08,False
10000660,CUST-000660,PA,18129,39,2023,2024-02-27,2025-02-26,201.34,False
10000661,CUST-000661,NY,12244,65,2019,2024-05-18,2025-05-18,172.0,True
10000662,CUST-000662,CT,19339,40,2016,2024-12-03,2025-12-03,213.8,True
10000663,CUST-000663,NY,10402,55,2017,2024-06-08,2025-06-08,139.31,False
10000664,CUST-000664,PA,15489,55,2024,2024-12-23,2025-12-23,210.6,True
10000665,CUST-000665,NY,12060,55,2017,2024-08-13,2025-08-13,152.99,True
10000666,CUST-000666,NY,10404,51,2017,2024-12-04,2025-12-04,330.16,True
10000667,CUST-000667,NY,14203,23,2024,2024-08-18,2025-08-18,442.27,True
10000668,CUST-000668,NY,13263,63,2021,2024-11-15,2025-11-15,76.51,True
10000669,CUST-000669,OH,15196,52,2022,2024-10-06,2025-10-06,226.69,True
10000670,CUST-000670,NY,12016,62,2024,2024-11-11,2025-11-11,246.12,False
10000671,CUST-000671,PA,16784,44,2025,2024-07-26,2025-07-26,241.7,True
10000672,CUST-000672,NY,14218,42,2015,2024-03-31,2025-03-31,82.68,False
10000673,CUST-000673,NY,10258,61,2020,2024-02-10,2025-02-09,190.4,True
10000674,CUST-000674,PA,15534,46,2020,2024-12-05,2025-12-05,156.69,True
10000675,CUST-000675,OH,16833,43,2018,2024-10-15,2025-10-15,144.39,True
10000676,CUST-000676,PA,17793,32,2019,2024-04-23,2025-04-23,225.11,True
10000677,CUST-000677,NY,14212,18,2025,2024-07-19,2025-07-19,383.54,True
10000678,CUST-000678,PA,17060,35,2022,2024-01-24,2025-01-23,186.33,True
10000679,CUST-000679,NY,14212,41,2023,2024-08-16,2025-08-16,220.01,False
10000680,CUST-000680,OH,16550,57,2020,2024-09-10,2025-09-10,104.7,True
10000681,CUST-000681,PA,19285,52,2021,2024-10-04,2025-10-04,179.8,True
10000682,CUST-000682,NY,14215,36,2022,2024-05-07,2025-05-07,239.91,False
10000683,CUST-000683,OH,16193,44,2018,2024-09-30,2025-09-30,105.05,True
10000684,CUST-000684,NY,10005,48,2024,2024-02-10,2025-02-09,293.93,True
10000685,CUST-000685,NY,14224,46,2025,2024-08-26,2025-08-26,85.11,False
10000686,CUST-000686,NY,13126,65,2018,2024-10-30,2025-10-30,187.86,True
10000687,CUST-000687,NY,14205,32,2017,2024-08-08,2025-08-08,240.72,True
10000688,CUST-000688,CT,19100,60,2019,2024-05-22,2025-05-22,106.01,True
10000689,CUST-000689,OH,18698,27,2022,2024-10-01,2025-10-01,128.83,True
10000690,CUST-000690,NY,14216,49,2015,2024-04-28,2025-04-28,187.37,True
10000691,CUST-000691,NY,14206,65,2018,2024-11-04,2025-11-04,237.68,True
10000692,CUST-000692,OH,18671,50,2025,2024-04-08,2025-04-08,225.44,True
10000693,CUST-000693,NY,14221,42,2017,2024-07-26,2025-07-26,220.94,True
10000694,CUST-000694,NY,12848,50,2025,2024-01-23,2025-01-22,266.81,True
10000695,CUST-000695,NY,10013,57,2015,2024-08-16,2025-08-16,229.37,True
10000696,CUST-000696,NY,10282,66,2022,2024-02-16,2025-02-15,289.83,False
10000697,CUST-000697,PA,15433,52,2021,2024-09-27,2025-09-27,179.62,True
10000698,CUST-000698,PA,15851,62,2020,2024-03-13,2025-03-13,190.04,True
10000699,CUST-000699,NY,14224,53,2022,2024-05-15,2025-05-15,157.13,False
10000700,CUST-000700,NY,14226,46,2023,2024-10-29,2025-10-29,249.38,True
10000701,CUST-000701,OH,19022,26,2019,2024-08-10,2025-08-10,178.34,True
10000702,CUST-000702,NY,14226,38,2017,2024-11-30,2025-11-30,136.49,True
10000703,CUST-000703,NY,10172,48,2019,2024-08-27,2025-08-27,293.31,False
10000704,CUST-000704,NY,14228,41,2022,2024-12-25,2025-12-25,87.68,True
10000705,CUST-000705,OH,18542,46,2023,2024-04-23,2025-04-23,213.74,True
10000706,CUST-000706,PA,18039,43,2024,2024-05-01,2025-05-01,213.96,True
10000707,CUST-000707,NY,12610,34,2015,2024-08-23,2025-08-23,188.92,True
10000708,CUST-000708,NY,12612,56,2019,2024-04-27,2025-04-27,125.65,True
10000709,CUST-000709,PA,19554,47,2020,2024-05-27,2025-05-27,247.1,True
10000710,CUST-000710,NY,10035,46,2015,2024-10-20,2025-10-20,172.85,True
10000711,CUST-000711,NY,10439,51,2022,2024-08-30,2025-08-30,139.64,False
10000712,CUST-000712,OH,17560,54,2019,2024-11-03,2025-11-03,183.66,True
10000713,CUST-000713,CT,17836,41,2021,2024-11-24,2025-11-24,197.08,True
10000714,CUST-000714,NY,14204,46,2020,2024-12-24,2025-12-24,189.14,True
10000715,CUST-000715,NY,10336,28,2025,2024-03-18,2025-03-18,248.73,True
10000716,CUST-000716,NY,12433,58,2020,2024-12-13,2025-12-13,102.27,True
10000717,CUST-000717,NY,10390,56,2023,2024-10-11,2025-10-11,238.91,True
10000718,CUST-000718,NY,14221,52,2023,2024-11-02,2025-11-02,135.8,True
10000719,CUST-000719,NY,14210,44,2018,2024-10-23,2025-10-23,221.67,True
10000720,CUST-000720,NY,14227,42,2023,2024-08-20,2025-08-20,79.09,True
10000721,CUST-000721,OH,18205,56,2020,2024-03-21,2025-03-21,198.17,True
10000722,CUST-000722,NY,12750,55,2023,2024-05-28,2025-05-28,77.9,True
10000723,CUST-000723,NY,14209,49,2015,2024-02-20,2025-02-19,103.17,True
10000724,CUST-000724,NY,14222,53,2021,2024-04-25,2025-04-25,103.08,False
10000725,CUST-000725,NY,12246,39,2017,2024-12-28,2025-12-28,241.4,False
10000726,CUST-000726,NY,10233,33,2021,2024-01-17,2025-01-16,348.07,True
10000727,CUST-000727,NY,12146,34,2015,2024-06-17,2025-06-17,77.14,True
10000728,CUST-000728,NY,14207,54,2021,2024-02-07,2025-02-06,229.41,True
10000729,CUST-000729,NY,10281,27,2021,2024-08-13,2025-08-13,345.47,False
10000730,CUST-000730,NY,14205,51,2024,2024-05-13,2025-05-13,273.04,True
10000731,CUST-000731,NY,14217,52,2016,2024-04-22,2025-04-22,100.36,True
10000732,CUST-000732,NY,10361,26,2025,2024-04-04,2025-04-04,167.77,True
10000733,CUST-000733,PA,15491,49,2019,2024-05-20,2025-05-20,191.14,True
10000734,CUST-000734,OH,16088,56,2015,2024-12-02,2025-12-02,170.83,True
10000735,CUST-000735,CT,17485,34,2021,2024-04-30,2025-04-30,149.24,False
10000736,CUST-000736,NY,14209,39,2018,2024-11-14,2025-11-14,141.57,True
10000737,CUST-000737,OH,19274,53,2022,2024-08-05,2025-08-05,103.63,True
10000738,CUST-000738,OH,15814,53,2015,2024-04-01,2025-04-01,208.55,True
10000739,CUST-000739,NY,10092,29,2015,2024-12-02,2025-12-02,152.25,True
10000740,CUST-000740,CT,15462,67,2024,2024-10-27,2025-10-27,89.9,True
10000741,CUST-000741,NY,13534,46,2018,2024-03-30,2025-03-30,148.16,False
10000742,CUST-000742,OH,17853,56,2017,2024-01-07,2025-01-06,197.72,True
10000743,CUST-000743,NY,10141,23,2017,2024-11-30,2025-11-30,290.71,False
10000744,CUST-000744,OH,15963,59,2018,2024-05-15,2025-05-15,124.16,True
10000745,CUST-000745,OH,15627,85,2023,2024-09-25,2025-09-25,106.11,True
10000746,CUST-000746,OH,17227,47,2017,2024-12-23,2025-12-23,173.62,True
10000747,CUST-000747,OH,15038,53,2016,2024-03-28,2025-03-28,99.14,False
10000748,CUST-000748,NY,14226,40,2022,2024-08-02,2025-08-02,208.16,True
10000749,CUST-000749,CT,18174,43,2024,2024-06-16,2025-06-16,157.52,True
10000750,CUST-000750,NY,10279,70,2019,2024-09-03,2025-09-03,215.72,True
10000751,CUST-000751,NY,12220,54,2017,2024-12-15,2025-12-15,176.38,True
10000752,CUST-000752,NY,10140,60,2023,2024-12-28,2025-12-28,138.0,False
10000753,CUST-000753,NY,10184,45,2018,2024-07-08,2025-07-08,298.13,False
10000754,CUST-000754,NY,10343,22,2022,2024-04-11,2025-04-11,351.21,True
10000755,CUST-000755,CT,16975,18,2017,2024-07-08,2025-07-08,348.67,True
10000756,CUST-000756,OH,17975,56,2017,2024-10-23,2025-10-23,230.83,True
10000757,CUST-000757,CT,16889,33,2019,2024-06-01,2025-06-01,203.0,True
10000758,CUST-000758,NY,10202,37,2020,2024-10-03,2025-10-03,192.46,True
10000759,CUST-000759,PA,16581,18,2017,2024-02-13,2025-02-12,266.44,True
10000760,CUST-000760,NY,14223,52,2021,2024-03-03,2025-03-03,202.99,True
10000761,CUST-000761,CT,15153,29,2019,2024-06-06,2025-06-06,188.2,True
10000762,CUST-000762,CT,17199,58,2017,2024-11-16,2025-11-16,175.43,True
10000763,CUST-000763,NY,12848,41,2024,2024-04-02,2025-04-02,126.73,True
10000764,CUST-000764,PA,15378,52,2024,2024-08-04,2025-08-04,268.87,True
10000765,CUST-000765,PA,16562,51,2021,2024-09-07,2025-09-07,115.98,True
10000766,CUST-000766,PA,15256,52,2021,2024-10-21,2025-10-21,225.57,True
10000767,CUST-000767,OH,19160,33,2024,2024-05-10,2025-05-10,209.79,True
10000768,CUST-000768,NY,14205,66,2024,2024-08-03,2025-08-03,97.85,True
10000769,CUST-000769,NY,12919,46,2023,2024-06-01,2025-06-01,108.96,True
10000770,CUST-000770,OH,17533,38,2017,2024-04-06,2025-04-06,235.57,True
10000771,CUST-000771,NY,14206,50,2019,2024-09-05,2025-09-05,221.11,True
10000772,CUST-000772,PA,19258,38,2022,2024-12-12,2025-12-12,187.36,True
10000773,CUST-000773,NY,14227,30,2016,2024-12-01,2025-12-01,193.06,False
10000774,CUST-000774,PA,16378,60,2020,2024-07-13,2025-07-13,240.84,True
10000775,CUST-000775,NY,14223,42,2019,2024-03-09,2025-03-09,132.77,True
10000776,CUST-000776,NY,10389,43,2017,2024-07-09,2025-07-09,321.59,True
10000777,CUST-000777,NY,10293,23,2018,2024-08-11,2025-08-11,410.13,False
10000778,CUST-000778,OH,15629,75,2022,2024-06-30,2025-06-30,82.09,True
10000779,CUST-000779,NY,10227,32,2018,2024-10-21,2025-10-21,241.89,False
10000780,CUST-000780,CT,19350,46,2018,2024-01-06,2025-01-05,94.43,False
10000781,CUST-000781,NY,10052,33,2015,2024-04-21,2025-04-21,333.14,True
10000782,CUST-000782,NY,12214,46,2021,2024-03-01,2025-03-01,235.49,True
10000783,CUST-000783,NY,12097,29,2018,2024-07-20,2025-07-20,91.71,False
10000784,CUST-000784,NY,14204,48,2024,2024-07-26,2025-07-26,196.39,False
10000785,CUST-000785,PA,18375,49,2024,2024-10-25,2025-10-25,213.73,True
10000786,CUST-000786,NY,13801,60,2025,2024-08-29,2025-08-29,235.51,False
10000787,CUST-000787,NY,14217,54,2016,2024-04-22,2025-04-22,114.74,False
10000788,CUST-000788,NY,14215,42,2016,2024-03-15,2025-03-15,185.51,False
10000789,CUST-000789,OH,17335,52,2016,2024-10-26,2025-10-26,90.02,True
10000790,CUST-000790,OH,17500,55,2018,2024-01-28,2025-01-27,215.66,True
10000791,CUST-000791,PA,17666,40,2016,2024-09-21,2025-09-21,155.69,True
10000792,CUST-000792,OH,16056,56,2021,2024-12-28,2025-12-28,112.91,False
10000793,CUST-000793,PA,16658,55,2018,2024-04-02,2025-04-02,103.38,True
10000794,CUST-000794,NY,10125,46,2020,2024-11-25,2025-11-25,189.4,True
10000795,CUST-000795,CT,16474,48,2023,2024-07-07,2025-07-07,119.96,True
10000796,CUST-000796,NY,10190,21,2016,2024-06-05,2025-06-05,381.82,False
10000797,CUST-000797,NY,10417,48,2023,2024-11-22,2025-11-22,319.49,True
10000798,CUST-000798,NY,10221,48,2021,2024-12-20,2025-12-20,295.65,True
10000799,CUST-000799,CT,17029,40,2015,2024-06-01,2025-06-01,240.6,True
10000800,CUST-000800,NY,10215,42,2024,2024-03-31,2025-03-31,291.7,False
10000801,CUST-000801,NY,10164,44,2025,2024-04-05,2025-04-05,204.23,True
10000802,CUST-000802,NY,10081,65,2023,2024-01-09,2025-01-08,199.25,False
10000803,CUST-000803,NY,10240,62,2017,2024-08-11,2025-08-11,240.5,True
10000804,CUST-000804,NY,10376,31,2023,2024-11-17,2025-11-17,115.24,True
10000805,CUST-000805,NY,12818,56,2019,2024-11-04,2025-11-04,207.91,False
10000806,CUST-000806,NY,13497,37,2020,2024-05-25,2025-05-25,176.42,False
10000807,CUST-000807,NY,14215,57,2024,2024-02-16,2025-02-15,102.58,True
10000808,CUST-000808,NY,14202,26,2018,2024-08-13,2025-08-13,171.81,True
10000809,CUST-000809,NY,10060,40,2016,2024-08-01,2025-08-01,168.04,True
10000810,CUST-000810,OH,16388,38,2025,2024-02-17,2025-02-16,171.46,True
10000811,CUST-000811,CT,18085,44,2016,2024-09-01,2025-09-01,221.73,False
10000812,CUST-000812,NY,10279,72,2023,2024-07-29,2025-07-29,134.71,False
10000813,CUST-000813,NY,14208,47,2020,2024-12-29,2025-12-29,139.0,True
10000814,CUST-000814,OH,16147,45,2016,2024-03-29,2025-03-29,140.79,True
10000815,CUST-000815,OH,16358,60,2020,2024-01-24,2025-01-23,154.65,True
10000816,CUST-000816,OH,16841,43,2019,2024-08-21,2025-08-21,175.41,False
10000817,CUST-000817,NY,10068,66,2019,2024-04-15,2025-04-15,210.39,True
10000818,CUST-000818,NY,14226,44,2018,2024-11-05,2025-11-05,81.8,True
10000819,CUST-000819,NY,14202,32,2017,2024-12-12,2025-12-12,83.89,True
10000820,CUST-000820,NY,10122,18,2023,2024-04-12,2025-04-12,443.65,True
10000821,CUST-000821,NY,12345,52,2022,2024-02-25,2025-02-24,136.35,True
10000822,CUST-000822,CT,18462,52,2021,2024-08-13,2025-08-13,104.63,False
10000823,CUST-000823,NY,10413,56,2025,2024-11-03,2025-11-03,326.2,True
10000824,CUST-000824,NY,14218,36,2025,2024-08-01,2025-08-01,161.44,True
10000825,CUST-000825,OH,15813,56,2019,2024-09-18,2025-09-18,192.68,True
10000826,CUST-000826,PA,18993,63,2020,2024-07-10,2025-07-10,125.74,False
10000827,CUST-000827,NY,14204,44,2025,2024-12-14,2025-12-14,96.43,True
10000828,CUST-000828,OH,18748,45,2023,2024-05-20,2025-05-20,130.58,True
10000829,CUST-000829,NY,10331,33,2016,2024-08-09,2025-08-09,282.15,True
10000830,CUST-000830,CT,16585,62,2017,2024-12-20,2025-12-20,239.83,True
10000831,CUST-000831,OH,18767,38,2025,2024-08-12,2025-08-12,180.86,False
10000832,CUST-000832,OH,16154,36,2016,2024-06-17,2025-06-17,193.11,True
10000833,CUST-000833,NY,10317,67,2018,2024-10-09,2025-10-09,189.66,False
10000834,CUST-000834,PA,16784,34,2024,2024-01-13,2025-01-12,123.88,True
10000835,CUST-000835,PA,17529,38,2023,2024-09-08,2025-09-08,145.37,False
10000836,CUST-000836,CT,18025,29,2016,2024-03-04,2025-03-04,198.36,True
10000837,CUST-000837,NY,14214,30,2019,2024-04-04,2025-04-04,128.45,True
10000838,CUST-000838,PA,16214,33,2022,2024-12-11,2025-12-11,86.64,True
10000839,CUST-000839,NY,14228,34,2016,2024-12-14,2025-12-14,91.61,False
10000840,CUST-000840,PA,18922,42,2015,2024-11-24,2025-11-24,88.42,False
10000841,CUST-000841,PA,15037,41,2021,2024-07-28,2025-07-28,121.76,False
10000842,CUST-000842,NY,14215,31,2016,2024-02-21,2025-02-20,207.94,True
10000843,CUST-000843,NY,10337,38,2020,2024-02-08,2025-02-07,241.5,False
10000844,CUST-000844,NY,14212,23,2018,2024-03-21,2025-03-21,319.21,True
10000845,CUST-000845,PA,17565,46,2021,2024-08-16,2025-08-16,179.07,True
10000846,CUST-000846,NY,14214,35,2023,2024-09-05,2025-09-05,116.37,False
10000847,CUST-000847,NY,13864,56,2023,2024-11-09,2025-11-09,129.27,True
10000848,CUST-000848,NY,14215,43,2022,2024-08-06,2025-08-06,120.0,True
10000849,CUST-000849,NY,14202,42,2024,2024-05-07,2025-05-07,181.17,True
10000850,CUST-000850,PA,18537,56,2019,2024-09-22,2025-09-22,146.67,False
10000851,CUST-000851,CT,16287,49,2023,2024-12-19,2025-12-19,235.74,True
10000852,CUST-000852,OH,17581,54,2018,2024-01-01,2024-12-31,245.93,False
10000853,CUST-000853,NY,10329,49,2025,2024-07-25,2025-07-25,292.39,True
10000854,CUST-000854,NY,14209,26,2023,2024-01-26,2025-01-25,235.62,False
10000855,CUST-000855,NY,10035,59,2020,2024-05-19,2025-05-19,269.69,False
10000856,CUST-000856,NY,10217,36,2016,2024-05-19,2025-05-19,180.04,False
10000857,CUST-000857,NY,14224,46,2024,2024-05-27,2025-05-27,264.85,False
10000858,CUST-000858,NY,10434,51,2017,2024-05-24,2025-05-24,102.86,True
10000859,CUST-000859,NY,14226,54,2022,2024-04-05,2025-04-05,171.45,True
10000860,CUST-000860,NY,10162,49,2025,2024-01-08,2025-01-07,221.75,True
10000861,CUST-000861,NY,14208,44,2025,2024-07-23,2025-07-23,163.58,False
10000862,CUST-000862,NY,10459,41,2025,2024-11-29,2025-11-29,307.87,True
10000863,CUST-000863,NY,14206,55,2020,2024-04-16,2025-04-16,188.26,True
10000864,CUST-000864,NY,14208,46,2021,2024-06-01,2025-06-01,119.73,True
10000865,CUST-000865,PA,17912,55,2022,2024-01-06,2025-01-05,171.49,False
10000866,CUST-000866,NY,10321,70,2015,2024-04-22,2025-04-22,140.76,False
10000867,CUST-000867,NY,14223,44,2018,2024-12-24,2025-12-24,137.38,True
10000868,CUST-000868,PA,17056,18,2015,2024-01-20,2025-01-19,132.77,False
10000869,CUST-000869,NY,14216,43,2019,2024-09-16,2025-09-16,229.95,False
10000870,CUST-000870,NY,10387,29,2015,2024-07-11,2025-07-11,249.59,True
10000871,CUST-000871,NY,13533,48,2019,2024-11-05,2025-11-05,77.26,False
10000872,CUST-000872,NY,14217,33,2017,2024-10-26,2025-10-26,121.19,False
10000873,CUST-000873,OH,16501,57,2015,2024-10-18,2025-10-18,142.13,True
10000874,CUST-000874,NY,10038,49,2022,2024-08-29,2025-08-29,318.5,False
10000875,CUST-000875,PA,16922,33,2023,2024-02-16,2025-02-15,98.38,True
10000876,CUST-000876,NY,10120,68,2024,2024-12-01,2025-12-01,268.43,True
10000877,CUST-000877,NY,14212,46,2019,2024-07-22,2025-07-22,160.89,False
10000878,CUST-000878,NY,10131,50,2025,2024-07-26,2025-07-26,118.02,True
10000879,CUST-000879,PA,15003,29,2025,2024-10-09,2025-10-09,211.58,True
10000880,CUST-000880,NY,14204,70,2022,2024-09-14,2025-09-14,83.84,True
10000881,CUST-000881,PA,18774,57,2021,2024-02-01,2025-01-31,125.5,True
10000882,CUST-000882,CT,16439,41,2016,2024-12-27,2025-12-27,204.37,True
10000883,CUST-000883,NY,13896,44,2018,2024-04-14,2025-04-14,135.19,False
10000884,CUST-000884,NY,14227,49,2022,2024-04-25,2025-04-25,129.65,True
10000885,CUST-000885,OH,17942,33,2025,2024-05-31,2025-05-31,172.58,True
10000886,CUST-000886,PA,17346,29,2017,2024-11-02,2025-11-02,181.83,True
10000887,CUST-000887,CT,17825,20,2018,2024-06-23,2025-06-23,159.26,True
10000888,CUST-000888,NY,14213,29,2020,2024-02-26,2025-02-25,176.04,True
10000889,CUST-000889,CT,18098,37,2021,2024-01-19,2025-01-18,136.27,True
10000890,CUST-000890,CT,17697,36,2020,2024-06-08,2025-06-08,112.18,True
10000891,CUST-000891,NY,12124,53,2016,2024-06-08,2025-06-08,182.16,True
10000892,CUST-000892,CT,16448,64,2018,2024-03-29,2025-03-29,199.58,True
10000893,CUST-000893,PA,19456,44,2020,2024-11-14,2025-11-14,236.59,True
10000894,CUST-000894,OH,17225,29,2019,2024-10-12,2025-10-12,242.3,True
10000895,CUST-000895,NY,10466,32,2021,2024-08-05,2025-08-05,127.84,True
10000896,CUST-000896,NY,13279,56,2017,2024-05-05,2025-05-05,127.93,False
10000897,CUST-000897,NY,10127,49,2016,2024-12-29,2025-12-29,272.75,True
10000898,CUST-000898,OH,16627,55,2025,2024-04-05,2025-04-05,281.52,True
10000899,CUST-000899,OH,16089,43,2024,2024-03-05,2025-03-05,172.09,True
10000900,CUST-000900,NY,14211,47,2015,2024-11-02,2025-11-02,125.75,True
10000901,CUST-000901,NY,14209,38,2020,2024-09-01,2025-09-01,181.2,True
10000902,CUST-000902,NY,14219,58,2019,2024-12-22,2025-12-22,171.99,True
10000903,CUST-000903,NY,10419,32,2025,2024-12-18,2025-12-18,208.3,True
10000904,CUST-000904,NY,14209,52,2025,2024-11-30,2025-11-30,284.38,True
10000905,CUST-000905,NY,14228,43,2017,2024-10-25,2025-10-25,248.74,True
10000906,CUST-000906,PA,16624,37,2017,2024-07-20,2025-07-20,217.15,True
10000907,CUST-000907,NY,12118,33,2016,2024-11-29,2025-11-29,235.96,True
10000908,CUST-000908,NY,10283,43,2022,2024-11-13,2025-11-13,335.28,True
10000909,CUST-000909,NY,12701,32,2015,2024-10-27,2025-10-27,199.49,True
10000910,CUST-000910,NY,14224,43,2018,2024-04-18,2025-04-18,145.43,True
10000911,CUST-000911,PA,18955,31,2021,2024-02-28,2025-02-27,228.19,False
10000912,CUST-000912,OH,15504,30,2015,2024-11-14,2025-11-14,232.01,True
10000913,CUST-000913,NY,14207,36,2017,2024-11-08,2025-11-08,80.58,False
10000914,CUST-000914,OH,15914,43,2024,2024-01-24,2025-01-23,115.06,False
10000915,CUST-000915,NY,10306,56,2019,2024-12-04,2025-12-04,212.18,False
10000916,CUST-000916,CT,19100,37,2021,2024-07-15,2025-07-15,224.61,True
10000917,CUST-000917,NY,14201,63,2016,2024-07-13,2025-07-13,207.23,True
10000918,CUST-000918,NY,14215,33,2017,2024-11-11,2025-11-11,155.95,True
10000919,CUST-000919,OH,15400,44,2024,2024-03-28,2025-03-28,166.79,True
10000920,CUST-000920,PA,16871,42,2024,2024-01-14,2025-01-13,180.61,False
10000921,CUST-000921,NY,14206,44,2023,2024-12-21,2025-12-21,111.55,True
10000922,CUST-000922,CT,16694,39,2021,2024-11-14,2025-11-14,209.74,True
10000923,CUST-000923,NY,14209,47,2020,2024-12-24,2025-12-24,136.56,True
10000924,CUST-000924,NY,13682,39,2020,2024-04-26,2025-04-26,241.69,True
10000925,CUST-000925,NY,14227,34,2024,2024-08-28,2025-08-28,192.37,True
10000926,CUST-000926,PA,18141,67,2016,2024-07-05,2025-07-05,125.55,False
10000927,CUST-000927,NY,14202,39,2024,2024-02-11,2025-02-10,126.49,True
10000928,CUST-000928,NY,10075,35,2021,2024-05-20,2025-05-20,341.65,True
10000929,CUST-000929,NY,14226,32,2021,2024-05-15,2025-05-15,195.54,False
10000930,CUST-000930,NY,14216,69,2024,2024-09-19,2025-09-19,291.35,True
10000931,CUST-000931,NY,13451,66,2024,2024-11-07,2025-11-07,99.63,True
10000932,CUST-000932,NY,14209,47,2016,2024-01-11,2025-01-10,100.03,True
10000933,CUST-000933,NY,10143,75,2015,2024-01-12,2025-01-11,325.76,False
10000934,CUST-000934,NY,13129,46,2022,2024-06-15,2025-06-15,244.34,False
10000935,CUST-000935,NY,14225,53,2016,2024-08-02,2025-08-02,99.61,True
10000936,CUST-000936,NY,13603,36,2020,2024-10-06,2025-10-06,248.05,True
10000937,CUST-000937,NY,14228,49,2020,2024-03-27,2025-03-27,91.69,False
10000938,CUST-000938,NY,14208,25,2021,2024-10-14,2025-10-14,197.35,False
10000939,CUST-000939,NY,14211,37,2024,2024-08-12,2025-08-12,132.4,False
10000940,CUST-000940,NY,12648,39,2025,2024-01-18,2025-01-17,228.33,True
10000941,CUST-000941,NY,12792,41,2022,2024-06-09,2025-06-09,99.42,True
10000942,CUST-000942,PA,19462,50,2016,2024-12-06,2025-12-06,239.92,True
10000943,CUST-000943,PA,16838,40,2022,2024-03-30,2025-03-30,184.38,False
10000944,CUST-000944,CT,15632,43,2019,2024-02-04,2025-02-03,152.44,True
10000945,CUST-000945,CT,17345,35,2018,2024-11-13,2025-11-13,171.8,True
10000946,CUST-000946,NY,10097,37,2024,2024-04-17,2025-04-17,135.58,True
10000947,CUST-000947,NY,10217,21,2020,2024-03-17,2025-03-17,294.71,True
10000948,CUST-000948,CT,16219,51,2015,2024-05-07,2025-05-07,206.63,True
10000949,CUST-000949,NY,14207,53,2015,2024-07-22,2025-07-22,153.66,True
10000950,CUST-000950,CT,17409,52,2016,2024-08-28,2025-08-28,157.93,True
10000951,CUST-000951,NY,10140,42,2022,2024-06-11,2025-06-11,239.11,False
10000952,CUST-000952,OH,15163,56,2025,2024-04-23,2025-04-23,221.16,False
10000953,CUST-000953,NY,14227,35,2023,2024-04-24,2025-04-24,166.99,True
10000954,CUST-000954,NY,10280,40,2022,2024-12-11,2025-12-11,300.24,False
10000955,CUST-000955,CT,19372,51,2021,2024-08-27,2025-08-27,203.52,True
10000956,CUST-000956,CT,17024,37,2021,2024-06-24,2025-06-24,235.87,True
10000957,CUST-000957,NY,10152,77,2025,2024-04-11,2025-04-11,147.88,False
10000958,CUST-000958,PA,16004,31,2022,2024-08-24,2025-08-24,204.3,False
10000959,CUST-000959,NY,12405,40,2019,2024-01-27,2025-01-26,178.39,False
10000960,CUST-000960,NY,14204,51,2019,2024-11-01,2025-11-01,117.15,False
10000961,CUST-000961,OH,19609,38,2017,2024-08-09,2025-08-09,109.88,False
10000962,CUST-000962,CT,15853,49,2019,2024-08-19,2025-08-19,122.16,False
10000963,CUST-000963,NY,10341,21,2021,2024-01-22,2025-01-21,181.29,True
10000964,CUST-000964,NY,13682,54,2020,2024-09-18,2025-09-18,137.36,True
10000965,CUST-000965,NY,10227,30,2019,2024-10-02,2025-10-02,209.02,True
10000966,CUST-000966,NY,14216,36,2018,2024-05-02,2025-05-02,200.66,False
10000967,CUST-000967,PA,15067,29,2015,2024-04-10,2025-04-10,92.42,True
10000968,CUST-000968,NY,14213,44,2015,2024-12-01,2025-12-01,143.41,True
10000969,CUST-000969,NY,14209,54,2018,2024-07-22,2025-07-22,146.04,True
10000970,CUST-000970,NY,10246,55,2015,2024-02-12,2025-02-11,127.75,True
10000971,CUST-000971,NY,14222,67,2018,2024-09-11,2025-09-11,214.6,False
10000972,CUST-000972,NY,13304,41,2024,2024-05-21,2025-05-21,188.78,True
10000973,CUST-000973,NY,14219,24,2024,2024-04-28,2025-04-28,309.0,True
10000974,CUST-000974,CT,18694,50,2020,2024-02-15,2025-02-14,127.57,True
10000975,CUST-000975,PA,17352,48,2019,2024-02-17,2025-02-16,101.98,True
10000976,CUST-000976,NY,10179,28,2016,2024-01-28,2025-01-27,211.79,False
10000977,CUST-000977,OH,18724,32,2024,2024-10-18,2025-10-18,167.49,True
10000978,CUST-000978,NY,14203,50,2024,2024-02-01,2025-01-31,138.52,True
10000979,CUST-000979,NY,10329,51,2025,2024-07-22,2025-07-22,185.23,True
10000980,CUST-000980,NY,12430,45,2022,2024-07-03,2025-07-03,223.98,True
10000981,CUST-000981,NY,14203,47,2025,2024-11-28,2025-11-28,145.73,True
10000982,CUST-000982,PA,17644,50,2023,2024-05-14,2025-05-14,81.12,True
10000983,CUST-000983,NY,13197,44,2018,2024-07-06,2025-07-06,80.36,True
10000984,CUST-000984,NY,14213,28,2023,2024-03-18,2025-03-18,219.7,True
10000985,CUST-000985,CT,15803,59,2024,2024-11-19,2025-11-19,252.39,False
10000986,CUST-000986,NY,14218,37,2022,2024-05-15,2025-05-15,115.98,False
10000987,CUST-000987,PA,19154,56,2020,2024-03-04,2025-03-04,122.37,True
10000988,CUST-000988,NY,10152,51,2024,2024-07-20,2025-07-20,374.32,True
10000989,CUST-000989,NY,13029,33,2023,2024-09-23,2025-09-23,87.42,True
10000990,CUST-000990,NY,10416,37,2019,2024-01-04,2025-01-03,319.1,True
10000991,CUST-000991,NY,10311,45,2022,2024-07-17,2025-07-17,178.1,True
10000992,CUST-000992,NY,14206,48,2020,2024-01-22,2025-01-21,121.16,True
10000993,CUST-000993,PA,18141,57,2021,2024-03-01,2025-03-01,167.82,True
10000994,CUST-000994,CT,18072,53,2023,2024-01-13,2025-01-12,220.46,True
10000995,CUST-000995,OH,15892,55,2024,2024-11-14,2025-11-14,232.57,False
10000996,CUST-000996,PA,18998,28,2016,2024-08-15,2025-08-15,114.37,True
10000997,CUST-000997,OH,16212,53,2019,2024-09-21,2025-09-21,145.33,True
10000998,CUST-000998,NY,14225,49,2017,2024-07-05,2025-07-05,213.93,False
10000999,CUST-000999,CT,17475,35,2025,2024-08-08,2025-08-08,116.27,True
10001000,CUST-001000,NY,10426,48,2023,2024-12-28,2025-12-28,168.56,True
